"","Date","A","AAL","AAP","AAPL","ABBV","ABC","ABT","ACN","ADBE","ADI","ADM","ADP","ADS","ADSK","AEE","AEP","AES","AET","AFL","AGN","AIG","AIV","AIZ","AJG","AKAM","ALB","ALGN","ALK","ALL","ALLE","ALXN","AMAT","AMD","AME","AMG","AMGN","AMP"
"1",2016-10-04,46.9675,38.0875,147.015,113.25,63.0975,80.94,42.3075,119.655,108.425,64.34,42.9525,87.4825,215.2525,71.5675,47.86,62.735,12.145,114.735,71.5575,234.7525,58.945,44.27,90.19,50.2975,54.0925,83.8775,90.1175,68.6875,67.85,67.81,122.895,29.79,6.9875,47.3475,147.1275,167.68,101.25
"2",2016-10-05,47.1075,37.78,148.3625,113.2,63.305,80.37,42.555,118.23,108.755,64.535,43.045,87.52,215.33,72.3975,47.6125,62.345,11.9225,114.775,71.84,236.2925,59.7275,43.2075,90.9525,50.52,55.415,83.375,89.6275,68.3825,68.015,67.5075,124.78,29.8625,6.865,47.7275,150.2375,167.525,102.445
"3",2016-10-06,47.155,37.9475,148.4725,113.765,62.94,79.7275,42.7575,118.305,108.6725,64.5525,43.18,87.3225,214.2525,72.7925,47.525,62.1375,11.72,114.385,71.995,235.8275,59.8875,41.97,90.3025,50.5225,55.2925,83.3625,89.3975,68.6875,67.685,67.7225,123.845,29.8625,6.8225,48.0675,153.605,166.7025,102.9175
"4",2016-10-07,47.2975,37.965,148.605,114.11,63.0275,79.7675,42.9325,117.2725,108.595,64.35,42.8975,87.4525,211.6425,72.27,47.7775,62.3475,11.6825,113.9575,71.5775,238.275,60.0275,42.175,90.0125,50.6825,55.0475,82.915,89.4875,68.5675,68.3375,67.455,123.975,29.7425,6.8125,47.885,153.295,167.4725,101.805
"5",2016-10-10,47.7425,38.315,148.67,115.635,63.24,79.375,43.3725,117.05,109.4175,64.0875,43.09,87.8425,209.5875,72.32,47.6,62.0525,11.6775,114.4775,71.7225,241.1325,60.4575,42.22,90.5225,50.765,55.335,83.57,90.67,69.0775,68.67,67.2525,126.01,29.675,6.85,47.7625,152.95,168.1925,101.9275
"6",2016-10-11,46.3725,39.06,147.41,117.2225,62.695,79.6275,42.1625,117,108.1525,62.675,42.715,86.7875,208.2825,71.2775,47.2325,61.72,11.56,113.1675,71.235,239.935,59.9625,42.39,90.565,50.12,54.585,82.315,90.4425,69.67,68.215,66.52,123.485,28.925,6.63,46.82,148.5825,165.8675,100.5025
"7",2016-10-12,45.6225,37.81,147.5575,117.355,61.615,80.1925,41.0675,117.4275,107.9275,61.55,42.365,86.5875,208.6925,70.28,47.275,61.7625,11.6075,111.185,71.345,233.9375,60.325,42.5725,90.99,50.2025,54.06,81.21,89.9875,70.35,68.6525,66.675,120.37,28.59,6.6125,46.3175,146.47,164.35,100.1375
"8",2016-10-13,45.02,38.1225,146.6875,116.7325,61.1,80.38,40.8425,117.43,107.45,60.4775,42.0925,86.615,206.59,69.2625,47.91,62.3,11.675,109.77,70.7575,230.3375,59.5625,42.795,90.13,50.1025,54.0225,80.1825,90.455,71.825,68.7525,66.3925,118.835,27.9825,6.4425,45.76,142.455,163.685,98.295
"9",2016-10-14,45.29,39.15,147.27,117.7025,60.8225,80.2375,41.065,118.4325,108.2375,61.7125,42.3825,87.46,208.6925,70.3025,47.955,62.34,11.68,110.1875,71.195,230.43,60.115,42.9925,91.1225,50.41,54.6925,81.1375,91.08,72.7225,69.4875,67.47,119.5675,28.06,6.8825,46.0175,143.575,163.51,98.285
"10",2016-10-17,45.175,38.835,144.88,117.375,60.2025,79.6575,40.705,117.525,107.79,61.7425,42.015,87.375,209.21,69.2025,48.17,62.76,11.66,109.1025,70.79,225.495,60.175,43.0275,91.2,50.1175,54.64,81.0825,90.2825,72.365,69.37,68.5625,118.6675,28.21,6.8,45.6625,141.275,162.3525,96.8225
"11",2016-10-18,45.56,39.23,143.1525,117.8275,61.0475,80.7375,40.9825,117.71,108.4225,62.3325,42.1425,87.7975,209.16,69.98,48.5675,63.145,11.8525,111.04,70.69,226.715,60.645,43.225,91.64,50.2,55.8725,82.1175,90.695,72.33,69.57,68.4225,121.995,28.14,6.7675,45.695,141.505,163.2875,97.3875
"12",2016-10-19,45.73,40.08,141.8275,116.4825,61.7,80.775,40.4625,116.7925,108.56,61.7725,41.985,87.52,213.4625,70.4275,48.7175,63.2175,12.015,111.4375,70.615,229.2075,60.6575,43.1025,85.37,50.075,56.445,82.0125,90.97,72.7,69.2725,67.575,120.8025,28.17,6.71,45.67,141.84,162.2825,97.9525
"13",2016-10-20,45.98,40.465,141.7475,116.9075,61.63,80.7525,40.39,116.4375,108.5925,62.775,42.1975,87.0225,209.5125,70.8375,48.7025,63.0775,12.125,110.9675,70.07,231.78,60.265,43.105,83.1075,49.495,56.6275,82.5725,91.2025,74.4125,68.6275,67.14,121.4975,28.2675,6.88,45.5175,141.41,161.7125,98.0925
"14",2016-10-21,45.55,39.94,141.1425,116.65,61.1125,80.16,40.42,115.6125,108.585,62.8975,42.07,86.3775,201.435,70.8425,48.405,62.5175,11.9775,110.8025,69.1925,230.865,59.755,43.2075,82.74,48.9175,57.115,82.38,89.87,74.4525,67.645,66.7325,121.0725,28.325,6.51,45.12,140.26,159.6925,97.2175
"15",2016-10-24,45.83,40.1,142.05,117.3725,61.2375,80.3,40.6075,115.95,110.22,63.76,42.6125,87.5025,204.4475,71.975,48.655,62.85,12.065,111.8075,69.88,229.0075,60.3225,43.4,83.08,48.9675,58.4575,83.02,89.8375,74.2575,67.8475,67.7925,121.3325,28.9175,6.78,45.4225,143.0975,159.015,98.3975
"16",2016-10-25,44.3825,39.785,142.1475,117.9675,61.305,80,40.3425,115.4075,109.8775,64.02,42.59,87.5,204.3475,71.69,48.74,63.19,12.005,111.865,69.74,225.5,60.4025,42.7725,82.7725,48.42,58.9275,82.62,88.65,73.0325,67.6525,66.5175,121.7925,28.9975,7.1925,44.975,142.1175,158.4525,97.645
"17",2016-10-26,43.4625,39.09,143.7075,114.7275,61.2375,79.68,40,115.1625,108.28,63.465,42.865,87.3025,203.5625,71.1225,48.99,63.4225,11.975,111.35,69.5725,224.21,60.735,42.7625,82.5,48.4075,66.1575,81.265,85.675,71.24,67.7325,65.4625,121.205,28.8,7.3575,44.77,141.02,158.9375,93.265
"18",2016-10-27,43.7225,39.7,141.545,114.9575,61.3075,79.5025,40.2425,115.605,107.7225,63.59,43.1575,87.02,203.015,71.095,48.7925,63.1825,11.9075,110.04,70.0825,222.425,61.5025,42.525,81.0275,48.405,68.4675,81.8725,84.3025,71.3725,67.8575,63.245,129.2925,28.975,7.2775,44.5675,140.3325,160.38,90.505
"19",2016-10-28,43.395,40.07,139.5625,114.0625,57.15,69.515,39.975,115.7825,107.5125,63.655,43.455,87.0375,203.5675,71.4,48.9075,63.4125,11.695,108.555,69.55,216.64,61.4475,42.975,80.425,48.6925,69.2775,82.8575,84.725,71.6175,67.66,63.41,133.735,28.8425,7.2125,44.2975,137.9525,147.8175,90.055
"20",2016-10-31,43.445,40.45,140.015,113.655,56.465,70.07,39.3575,115.975,107.715,64.08,43.745,87.33,204.15,72.1775,49.58,64.3125,11.7675,107.4425,68.9075,211.7025,61.6625,43.705,80.445,48.3525,69.905,83.355,85.3,72.0125,67.825,63.8125,132.8125,28.92,7.2825,44.2425,136.22,143.8325,88.795
"21",2016-11-01,43.6175,40.18,139.7825,112.3125,56.185,70.1175,39.0725,116.2,107.1675,63.81,46.205,87.0625,202.9825,71.07,49.5525,63.985,11.7075,106.5175,68.675,209.035,61.04,43.815,79.78,47.9975,68.64,83.2375,85.23,71.7925,67.435,63.6975,131.0025,28.9375,7.1875,45.145,133.6475,140.9125,88.2425
"22",2016-11-02,43.425,39.825,138.73,111.6425,56.71,73.275,38.9175,117.4875,106.315,63.7575,47.1375,89.2675,200.875,69.2825,48.7725,62.54,11.4725,106.2,68.44,201.5,60.635,43.925,79.125,47.5275,67.685,82.3725,85.155,71.59,67.19,63.3625,129.3925,28.7225,6.88,44.365,132.38,139.565,86.9825
"23",2016-11-03,43.5425,39.675,139.0425,110.455,56.5375,74.2175,38.6725,117.56,107.0875,63.7425,47.35,89.5525,200.4225,68.3125,48.8025,62.735,11.6225,105.6375,68.84,193.08,58,43.955,80.1075,47.7025,66.99,83.295,86.055,70.355,68.115,63.41,128.69,28.375,6.7075,44.5075,132.4625,137.4225,87.355
"24",2016-11-04,44.155,39.6175,137.7,108.9325,56.2125,71.4375,38.8475,117.2075,106.185,63.3075,47.185,88.7225,200.03,68.495,49.7125,62.9375,11.8375,105.99,68.7475,192.69,57.83,44.16,80.1525,47.5375,66.215,83.5475,85.98,70.03,67.345,63.78,133.245,28.2325,6.6075,44.4325,132.4725,135.09,87.95
"25",2016-11-07,45.3525,40.96,137.2825,110.115,58.38,71.695,39.75,119.0475,108.165,64.35,47.2575,90.4375,202.6775,71.3125,50.19,62.6925,12.33,108.865,69.5375,199.075,58.7275,44.4925,80.3625,48.36,66.8875,85.7175,87.5175,71.855,67.0875,65.0475,124.8975,28.995,6.875,44.9425,134.685,138.6125,90.485
"26",2016-11-08,45.595,41.4975,137.555,110.6975,58.81,69.98,39.6925,120.055,108.54,64.51,47.37,91.0125,201.695,72.2025,51.09,63.165,12.41,111.08,69.8625,197.0775,59.2975,44.5725,80.2,48.7275,66.2975,84.575,89.34,72.51,67.16,65.4725,119.7825,29.4075,6.945,45.1125,131.845,138.8375,90.6275
"27",2016-11-09,45.4825,41.59,137.435,110.0325,62.9625,74.1225,40.5675,116.4375,106.495,63.96,46.2775,89.3925,203.6925,71.4025,49.4525,61.5725,12.13,114.7,70.99,216.6275,60.47,43.3975,81.0625,49.28,65.8175,80.9375,89.305,72.2275,67.9025,65.66,128.43,29.0375,6.8325,45.9225,135.75,147.1925,96.825
"28",2016-11-10,46.8375,42.6375,143.4925,108.95,63.725,78.6425,40.5775,118.94,105.52,64.72,45.805,91.2125,208.57,73.4625,48.125,60.0775,11.72,120.065,72.785,218.0875,62.425,42.82,83.0575,50.7625,66.425,81.0875,90.9325,74.255,68.99,68.3525,126.875,28.8475,6.5625,47.635,145.5325,150.74,107.5525
"29",2016-11-11,46.555,42.4075,145.2475,107.7425,63.32,78.855,40.225,119.6375,103.5975,64.7875,42.6725,91.1025,210.765,73.4825,47.9075,60.045,11.3725,121.315,72.7575,211.6825,63.1125,42.29,83.065,51.35,65.6625,80.7625,91.005,74.805,69.4075,69.2775,119.435,28.6,6.62,47.445,145.285,149.1825,110.005
"30",2016-11-14,45.975,43.25,144.345,106.3275,63.065,81.3625,39.645,118.0525,103.2,66.0075,42.2175,91.6375,211.0775,74.135,47.9375,59.0375,11.185,121.47,72.685,205.645,64.095,42.2225,84.86,51.935,65.5375,78.78,91.285,76.81,70.23,68.95,117.77,29.205,6.7675,47.655,145.36,147.5125,113.6175
"31",2016-11-15,45.42,44.6575,164.19,106.88,62.9075,80.3825,39.5225,116.69,103.5275,67.475,43.18,92.2425,210.15,74.6275,49.0675,59.28,11.41,123.88,72.1625,196.53,64.215,41.89,85.755,51.355,65.71,78.695,92.3875,78.875,70.8725,68.605,119.2225,29.415,6.915,47.91,142,146.85,113.275
"32",2016-11-16,46.6075,44.46,162.72,108.38,62.15,79.2225,39.9125,116.825,103.7625,68.05,43.345,92.64,210.0125,76.425,48.885,59.165,11.4075,123.485,72,197.0475,64.0025,40.765,86.0175,50.8125,65.6525,80.875,94.0025,77.8425,70.725,68.1675,121.2675,29.965,7.395,47.74,141.9825,147.435,113.615
"33",2016-11-17,45.9525,45.03,164.7675,109.735,61.6425,79.08,40.2225,117.905,104.7475,67.95,43.0975,93.7625,214.6175,77.915,48.4925,58.945,11.4,124.7725,72.1075,198.4475,64.1475,40.615,86.3775,51.3225,66.47,82.475,95.4975,78.2225,71.165,68.045,122.4725,30.4925,8.1975,47.9575,142.7975,147.5125,114.14
"34",2016-11-18,45.54,46.13,164.41,109.995,61.175,79.485,40.0925,118.2775,105.6825,68.1475,43.235,94.3125,217.2925,77.4975,48.5025,58.705,11.4675,125.4675,72.445,195.815,63.9325,40.2825,86.01,51.5025,66.4725,82.7175,96.4975,79.5025,71.8575,67.76,121.52,30.7025,8.655,47.875,141.565,146.3825,113.62
"35",2016-11-21,45.02,46.31,164.76,110.9625,60.53,78.5625,39.845,119.1725,105.6225,69.2975,43.595,95.015,223.2925,76.5025,48.74,58.9825,11.4975,125.9825,72.1425,191.1775,63.9575,40.2875,86.0575,51.5625,66.6375,83.285,95.57,79.1425,72.09,67.7425,119.0025,31.13,8.9725,47.7725,142.51,145.705,114.0325
"36",2016-11-22,44.5825,46.2525,168.9925,111.8925,59.6475,78.43,38.735,119.7775,105.615,73.3325,43.6225,95.9925,230.5975,75.29,49.1625,59.19,11.4125,127.8025,71.4275,191.205,63.81,40.255,85.7425,51.405,66.5925,84.1075,94.44,80.4025,72.29,67.9175,117.205,31.5875,8.835,47.62,144.565,145.23,114.0775
"37",2016-11-23,44.395,46.12,170.365,111.1075,59.4925,78.3575,38.5125,119.635,104.79,73.495,43.345,96.785,233.455,74.91,49.0475,58.8275,11.33,128.48,71.5175,189.58,64.195,40.4175,85.795,51.555,66.5175,83.7525,94.9325,81.985,72.43,67.7875,117.0825,31.7425,8.72,47.455,146.0775,143.995,113.79
"38",2016-11-25,44.8125,46.58,171.175,111.52,60.2225,79.1175,39.0975,120.2525,104.53,73.72,43.4575,96.8125,234.725,75.6425,49.61,59.4475,11.4875,129.78,71.65,192.805,64.265,40.975,86.4,51.725,66.68,84.035,96.31,82.8975,72.3675,67.7725,118.505,31.75,8.7925,47.5175,148.255,145.3525,114.18
"39",2016-11-28,44.0975,46.42,171.695,111.7125,59.385,78.7625,38.97,120.6925,104.6375,74.04,43.325,96.535,232.9075,75.485,50.6425,60.4975,11.8375,128.5625,71.185,190.8325,63.77,41.3925,85.935,51.4625,66.345,84.1875,96.1975,82.445,72.03,67.4925,118.61,31.865,8.8125,46.7525,146.81,145.185,112.885
"40",2016-11-29,44.0575,46.6975,171.3325,111.085,60.7275,78.2925,38.8175,120.8925,104.865,74.2525,42.95,96.8875,230.79,75.395,50.9475,60.985,11.9025,130.99,71.2675,193.655,63.3975,42.015,86.0925,51.3025,66.8725,84.95,95.655,82.705,70.4,67.51,123.18,31.9375,9.0025,46.0275,145.845,145.865,112.6825
"41",2016-11-30,44.4025,46.215,169.57,111.1475,61.225,78.02,38.4075,120.2525,104.015,74.2425,43.1025,96.6775,229.3425,72.6475,49.5125,59.775,11.605,131.4825,71.58,193.295,63.6025,41.685,86.4275,50.765,66.98,87.4325,93.9525,81.7375,70.015,67.255,124.13,32.2375,8.9875,46.9825,147.665,145.04,113.81
"42",2016-12-01,43.5775,46.175,169.7075,109.955,59.8925,77.9975,37.85,118.5825,101.03,71.3525,43.7525,95.79,228.215,71.0575,48.77,58.44,11.2075,133.03,70.9325,192.4,63.88,41.65,86.8075,50.015,64.9975,86.9075,92.7,82.2875,70.11,66.25,122.4,31.0675,8.65,48.5925,149.19,143.2525,115.45
"43",2016-12-02,43.665,46.24,170.615,109.5025,59.3925,78.5475,37.815,117.335,99.3475,69.3625,44.27,95.4475,219.81,69.63,49.5225,58.7075,11.1575,134.47,69.175,189.965,63.9325,41.785,86.4075,49.4425,63.545,85.2225,92.7925,83.8375,70.52,65.19,122.5625,30.7875,8.5075,48.72,147.6525,143.1775,114.065
"44",2016-12-05,44.41,46.0725,170.9725,109.3475,60.3125,79.23,38.245,117.8625,101.2725,70.705,43.9675,95.895,221.9725,71.045,48.96,58.6875,11.24,130.9875,68.625,190.6925,64.1,41.7925,86.42,49.455,64.13,85.925,93.7975,83.8275,70.5925,64.875,125.105,31.6025,8.6325,48.44,149.8325,145.2075,114.2875
"45",2016-12-06,44.63,46.265,171.775,109.75,61.1075,79.3525,38.4325,118.29,101.56,70.945,44.4175,95.9375,225.0425,74.0475,49.3375,59.3775,11.37,129.025,68.5825,190.8,64.1325,41.975,87.95,49.6525,64.59,86.0725,95,83.9275,70.7375,64.7825,124.52,31.59,9.19,48.98,152.05,145.295,115.175
"46",2016-12-07,44.6625,47.68,174.635,110.16,59.925,76.655,38.13,120.08,102.1625,71.85,44.915,96.4875,230.135,78.235,49.7675,59.945,11.5,128.32,68.9975,188.225,64.6025,42.06,89.5525,50.095,65.36,87.5375,97.445,86.255,71.315,65.4225,124.02,32.0625,9.56,50.285,155.66,142.0625,115.8425
"47",2016-12-08,45.3475,48.2375,176.485,111.5025,60.2475,76.61,38.4525,121.7675,103.3675,73.4675,45.51,97.86,236.885,81.2725,49.495,59.925,11.71,128.9275,69.7375,188.525,65.425,42.395,92.1325,50.35,66.135,90.8375,98.56,88.0175,71.6475,65.5925,125.3175,32.715,10.175,50.92,159.985,140.3375,118.115
"48",2016-12-09,46.095,49.5725,175.7275,113.3175,61.3925,78.0825,39.035,122.24,104.0575,73.7475,46.145,98.04,233.3,81.785,50.2575,60.6325,11.8575,128.8025,68.6375,191.7475,65.775,42.5425,92.66,50.3925,65.675,91.045,99.39,89.455,72.0625,65.5275,129.6125,32.4675,10.2825,50.94,161.3825,142.6325,118.3425
"49",2016-12-12,46.295,48.3825,173.655,113.52,61.8825,78.1725,39.2425,123.215,104.635,72.8025,46.8375,98.145,231.6025,79.695,50.915,61.475,11.945,128.1825,68.915,191.2025,65.725,42.315,92.0425,50.7475,64.39,91.12,98.405,87.82,72.6275,65.29,115.9625,32.0425,10.5975,50.8025,160.0375,144.3775,116.7625
"50",2016-12-13,46.3675,47.995,172.805,114.675,62.03,78.69,39.3975,124.65,106.2775,73.1825,46.6875,98.5825,231.635,79.45,51.5975,62.3625,12.14,128.405,69.6925,192.2325,65.9975,42.6525,91.885,51.01,65.0375,91.155,99.32,87.315,72.8125,65.435,111.6475,32.0975,10.6225,50.5125,159.8675,147.925,115.3675
"51",2016-12-14,46.34,48.0775,172.18,115.3525,61.7575,77.9975,39.175,124.495,106.085,72.8725,45.9775,98.115,231.5425,78.1475,51.4325,62.425,12.15,127.29,69.9075,192.585,66.0425,42.6475,92.2125,50.61,67.23,90.6925,98.9075,86.785,72.82,65.66,111.67,32.075,10.4975,50.0175,157.315,148.455,113.805
"52",2016-12-15,46.3325,48.6125,172.25,115.79,61.87,76.44,38.7525,124.135,105.6275,73.225,45.585,98.305,230.4375,77.795,50.8175,61.65,11.8375,126.3975,69.645,192.6025,66.4025,42.96,92.5525,50.585,67.26,90.0675,99.51,89.025,73.095,65.25,114.9875,32.615,10.7775,49.825,153.7675,149.705,113.935
"53",2016-12-16,46.3125,48.2175,172.6075,116.145,62.165,77.1,38.6075,123.795,105.265,72.9575,46.1,100.5225,230.015,77.77,51.4275,62.4775,11.785,126.64,69.36,192.68,66.325,43.96,91.8525,51.275,67.5425,89.4675,100.7825,89.9425,73.8975,64.7175,119.1175,32.9325,10.8575,49.5375,150.22,150.0775,113.2
"54",2016-12-19,45.725,48.2025,173.1475,116.3925,62.51,78,38.315,123.62,104.5875,72.5925,46.2625,100.9975,230.5475,76.24,51.865,62.9325,11.825,125.3475,69.4,193.575,66.2875,44.4675,91.9025,51.5675,67.4025,89.125,101,89.7125,74.3375,64.8275,117.4425,32.425,10.82,49.155,147.0025,148.7625,111.255
"55",2016-12-20,45.9525,48.93,174.61,116.9675,62.24,79.155,38.28,123.855,105.4775,73.18,46.165,102.0325,231.405,75.8975,52.045,63.065,11.9,124.605,69.89,191.895,66.66,44.71,92.62,51.8675,68.29,89.23,99.8675,91.0875,74.525,65.1725,117.0325,32.655,11.34,49.3525,147.2525,147.125,113.2475
"56",2016-12-21,46.1175,49.485,174.2625,117.01,61.8775,79,38.1525,118.5075,105.4475,73.7125,46.2175,102.31,233.0675,75.8075,52.145,63.01,11.9825,123.82,70.175,192.9025,66.5825,44.47,92.295,51.835,68.4425,89.4225,99.145,91.005,74.4725,65.4075,117.905,32.6425,11.5275,49.3425,146.6975,146.64,112.965
"57",2016-12-22,45.9575,48.9875,171.5475,116.1975,61.6275,78.2625,38.1725,117.8725,104.735,73.575,45.63,102.485,232.615,74.97,52.1225,63.03,11.8525,123.68,70.17,193.965,66.2975,44.0775,92.8575,51.825,67.8625,88.79,98.5725,90.1025,74.405,65.3975,122.5775,33.11,11.6175,49.85,146.5875,146.1,112.17
"58",2016-12-23,46.11,48.5525,170.915,116.055,61.9975,78.355,38.405,117.55,104.915,73.605,45.215,102.73,232.8525,75.275,52.46,63.27,11.77,125.3425,70.22,196.48,66.295,44.665,93.1575,51.99,67.45,88.4675,98.3725,89.91,74.5375,65.4025,126.4075,32.87,11.435,49.51,144.685,146.9675,111.765
"59",2016-12-27,46.465,48.49,171.5075,117.0175,62.6125,78.7025,38.6225,117.65,105.185,74.1375,45.44,103.1825,233.965,75.985,52.495,63.0425,11.7975,126.0825,70.325,200.385,66.645,44.5525,93.585,51.985,67.845,88.99,98.8525,90.725,74.5125,65.45,126.5525,33.26,11.85,49.595,144.805,148.5025,112.3175
"60",2016-12-28,46.1525,48.21,171.425,117.125,62.445,78.66,38.425,117.175,104.315,74.0575,45.51,103.37,231.01,75.37,52.18,62.725,11.7675,125.4875,70.0025,202.715,66.3,44.26,93.7,51.8225,67.705,87.885,97.785,89.6975,74.48,65.2575,124.8225,33.2525,11.9275,49.315,144.1875,148.2025,111.89
"61",2016-12-29,45.7225,47.5025,170.225,116.6725,62.6425,79.195,38.3075,117.12,103.7775,73.5175,45.4,103.3925,229.4825,74.9475,52.3725,62.96,11.715,124.7475,69.905,205.7375,65.7825,44.5375,92.9375,51.7675,67.2225,86.8125,97.0475,88.61,74.3575,64.8075,123.2275,32.7325,11.365,48.7025,143.9675,147.8025,110.4225
"62",2016-12-30,45.63,47.06,170.26,116.275,62.6725,78.725,38.465,117.3075,103.4275,73.2075,45.4475,102.9,229.045,74.6075,52.52,63.105,11.6825,124.12,69.7975,209.3925,65.3875,45.0425,92.965,51.9275,66.9575,86.69,96.61,88.6575,74.2875,64.4875,123.0025,32.555,11.5175,48.5875,145.205,147.0525,110.845
"63",2017-01-03,46.2275,46.765,170.5125,115.76,62.575,80.6325,38.775,116.8675,103.4375,72.83,45.92,102.9425,231.7075,75.5975,52.3725,62.7875,11.645,123.28,69.88,214.8275,65.4425,45.2575,93.65,52.0925,67.58,87.575,96.895,88.9575,74.0675,64.59,123.3075,32.1675,11.38,49.045,146.7125,149.1775,112.1825
"64",2017-01-04,47.0575,46.78,171.4775,116.0325,63.0925,83.7175,39.3,116.97,103.9375,72.6025,46.1175,103.575,235.87,76.94,52.51,62.96,11.5925,123.1825,70.2425,216.2075,65.7375,45.195,94.24,52.6975,67.8775,89.815,97.56,88.2,74.4775,65.3775,125.63,32.225,11.41,49.7075,147.6925,152.6125,113.9075
"65",2017-01-05,46.755,46.2375,171.51,116.3,63.5325,83.8775,39.4175,116.015,104.9575,71.905,45.995,103.1975,236.1075,76.9925,52.455,63.01,11.4475,124.815,70.1175,218.11,65.6025,45.2125,95.235,52.8625,68.885,90.5375,96.13,88.5375,74.1125,65.89,136.6475,32.1775,11.3975,49.29,148.035,152.6525,114.0075
"66",2017-01-06,47.3125,46.0625,170.56,117.33,63.7975,84.41,40.2825,115.5925,106.99,71.5325,44.65,102.97,235.9,78.32,52.845,63.0175,11.615,124.6425,70.2,219.695,66.6625,45.3225,95.6625,53.2,69.65,90.5725,94.56,87.145,73.9425,66.1825,141.4825,32.0425,11.3025,49.7125,147.585,158.5825,115.1575
"67",2017-01-09,48.1525,46.5525,169.5475,118.5775,64.035,85.1875,40.8025,115.6025,108.22,71.9025,44.7425,102.7825,236.9875,79.135,52.56,62.7,11.705,123.1525,69.735,220.145,66.5025,45.2575,94.6825,52.725,69.9325,90.64,94.575,87.205,73.5325,65.5375,143.675,32.5825,11.4525,49.7325,144.81,157.855,115.84
"68",2017-01-10,48.2,47.74,169.7925,118.89,64.0975,85.0925,41.125,115.1575,108.3075,72.145,44.7675,102.3825,236.465,79.55,52.0325,62.305,11.435,122.615,69.545,220.54,66.835,44.585,94.395,52.4675,70.145,90.25,95.42,90.3525,73.6475,64.6725,143.54,32.985,11.4875,49.755,143.3475,158.405,115.1675
"69",2017-01-11,48.6775,48.9825,173.2125,119.255,62.1875,83.235,41.0075,115.6725,108.5675,72.405,43.7925,102.83,234.495,80.26,52.1075,62.675,11.5525,122.715,69.6375,217.805,66.845,44.14,94.4275,52.3775,70.61,92.02,95.9725,93.295,73.9325,65.145,139.2375,33.24,11.2875,49.865,144.105,157.36,114.4575
"70",2017-01-12,48.575,48.1525,173.375,118.915,60.975,83.2575,40.6525,115.55,108.12,72.015,43.7575,103.235,234.35,80.3675,52.0875,63.1125,11.695,122.38,69.54,213.9,66.2925,43.8775,94.7025,52.34,69.8475,93.4475,95.3425,93.0225,73.54,65.6975,137.1725,33.125,10.7775,50.095,143.3275,155.3775,114.46
"71",2017-01-13,48.6375,47.945,174.6475,119.145,61.7,84.3325,40.9325,116.2725,108.5625,72.5075,43.555,103.7,236.785,80.9725,51.915,63.095,11.66,122.5825,69.6175,216.3975,66.38,44.16,95.105,52.7875,70.1325,94.1125,95.895,93.7775,73.9875,65.9875,137.335,33.5775,10.7,50.69,144.3875,155.875,115.7925
"72",2017-01-17,48.3975,47.1825,174.445,119.2,61.6875,85.3675,40.785,115.945,107.725,72.4425,44.1975,103.205,232.855,79.7775,52.305,63.6475,11.8775,121.4375,69.555,214.1225,65.9075,44.4175,94.5175,52.47,69.695,94.7975,95.4025,93.7225,73.685,65.595,135.715,33.5025,10,50.3525,142.21,154.8975,112.7875
"73",2017-01-18,48.4125,47.3725,173.2325,120.05,61.72,85.7075,40.855,116.295,108.4975,72.875,44.9025,103.155,231.0125,79.39,52.4125,63.575,11.95,121.085,69.915,216.7225,66.2275,44.555,94.985,52.7425,69.5225,93.6875,95.0375,92.6625,74.3175,66.22,136.39,33.725,9.735,50.515,141.3375,155.4775,112.49
"74",2017-01-19,47.82,47.4675,172.9925,119.66,61.4575,85.3375,40.5025,115.5925,109.11,72.75,44.6875,102.93,231.295,80.1675,51.985,62.96,11.8175,121.4375,69.65,215.7975,66.3375,44.135,95.51,52.82,69.26,93.1875,91.03,93.86,74.39,66.7475,134.7675,33.8125,9.9225,50.8025,141.8775,154.4675,113.1125
"75",2017-01-20,47.6975,47.735,171.765,120.1575,61.3525,84.7725,40.52,115.5025,110.2775,72.6775,44.7175,103.195,230.7425,81.125,52.035,62.8625,11.5875,122.6525,69.95,214.575,66.635,44.44,96.0275,52.815,69.24,93.4525,91.3675,94.3825,74.56,65.715,133.38,33.925,9.815,50.8925,142.8425,154.6375,113.2525
"76",2017-01-23,47.5125,47.42,166.94,120.165,60.98,84.2525,40.35,114.87,110.975,72.7925,44.5475,102.4925,229.4325,81.4375,52.1175,62.85,11.3225,120.875,69.6325,214.11,65.995,44.9125,96.0225,52.755,68.5525,93.46,91.8825,93.7375,74.3375,65.1075,131.8775,33.8175,9.8325,50.5325,142.7525,153.47,112.8825
"77",2017-01-24,47.595,47.2975,168.9625,119.78,60.5225,84.59,40.3125,115.79,112.6725,73.19,44.87,102.745,226.3475,81.94,52,62.7075,11.3775,117.885,69.6975,213.5675,65.6525,45.1925,96.4125,53.0875,67.865,94.76,91.9075,93.065,74.335,65.9775,130.7775,34.0025,10.2075,50.94,144.5675,152.0125,113.8575
"78",2017-01-25,47.96,47.9075,168.5525,121.17,60.9875,85.3075,39.945,117.3825,113.97,74.83,45.105,103.0475,227.835,82.9775,51.855,62.6025,11.395,118.4825,70.2775,213.435,65.735,44.8625,97.7425,53.615,68.4225,94.7325,92.6625,93.5425,75.1075,67.05,130.0225,34.4425,10.555,51.99,145.535,153.305,116.21
"79",2017-01-26,48.235,49.015,167.0025,121.9125,61.35,82.6675,40.7475,116.495,113.46,74.22,44.8575,102.2775,220.7825,82.2075,52,62.525,11.34,118.4225,70.565,212.6625,65.995,44.515,98.425,53.8725,68.1875,94.875,92.7725,94.8,75.5725,66.2875,129.695,34.18,10.4575,52.3425,145.2175,154.17,116.1125
"80",2017-01-27,48.5225,48.4175,165.185,122.01,60.1925,82.965,41.08,115.765,113.455,75.6675,44.565,101.62,222.8925,81.6525,52.0075,62.8175,11.3525,117.78,70.3075,212.535,65.5625,44.3825,98.3975,54.005,67.91,95.3475,91.2575,95.6125,75.4775,66.315,128.905,34.6675,10.63,52.01,143.865,155.1625,114.4275
"81",2017-01-30,48.02,45.075,164.555,121.2125,60.02,82.685,40.945,114.6725,113.2925,76.2575,44.23,101.61,224.985,80.8875,51.765,63.125,11.2475,116.9625,70.245,212.2,64.7025,44.1275,97.1975,53.9925,67.8775,94.43,89.5675,93.685,75.4725,65.685,128.075,34.4325,10.5525,51.535,147.5975,155.62,112.5375
"82",2017-01-31,48.54,44.405,163.7725,121.1275,60.5475,86.185,41.2225,113.6175,113.2625,75.4675,44.0225,101.42,228.145,80.8425,52.1675,63.565,11.395,118.1,70.1675,214.415,64.55,44.1175,97.03,53.7825,68.0525,93.6125,91.1125,93.5925,75.2,65.4575,128.965,34.16,10.465,51.1975,152.095,155.1225,112.11
"83",2017-02-01,49.17,44.4275,162.3,128.32,60.8325,87.7775,41.9125,113.5225,113.2475,76.02,44.0975,95.6775,229.5275,81.1775,52.06,63.375,11.3025,119.9875,68.1725,224.12,64.52,43.6325,97.4975,53.7475,68.4825,92.975,97.92,93.7925,75.445,66.0875,130.54,34.7925,11.4775,51.165,154.8725,158.765,113.58
"84",2017-02-02,48.8125,43.9275,161.37,128.42,60.785,87.8625,42.3925,113.3175,112.9575,75.515,43.87,95.9425,227.6775,81.6225,52.19,63.4175,11.2775,120.8025,67.3075,229.9825,64.09,43.825,97.3625,53.67,68.8175,92.8025,96.4425,93.6225,77.16,65.505,129.8,34.895,12.2175,50.835,155.335,159.04,118.3875
"85",2017-02-03,49.25,44.205,162.8375,128.685,60.7675,88.8,42.8475,114.165,114.3975,75.5075,44.115,96.9975,228.12,84.02,52.745,63.9475,11.3675,121.615,68.6575,230.23,64.8975,44.975,97.92,54.15,69.565,93.775,95.4775,94.4125,77.6725,66.885,127.985,35.165,12.2875,51.4275,157.8825,166.585,121.0675
"86",2017-02-06,49.185,45.11,161.24,129.705,60.6175,89.9325,42.495,114.2125,114.3125,75.4425,44.065,96.5725,227.5,83.5375,52.7575,64.05,11.325,121.3075,68.6375,231.1925,64.7475,44.2675,97.48,53.965,69.3175,94.1425,94.8475,94.9925,77.675,67.0875,126.8725,35.225,13.0425,51.555,157.7225,166.195,122.26
"87",2017-02-07,49.525,45.515,160.0575,131.1525,60.62,90.3825,42.735,115.4975,114.88,75.9925,43.585,96.39,225.9,83.425,52.715,63.83,11.3925,120.545,69.0225,234.2225,65.02,44.48,97.36,54.065,70.51,93.3775,93.8875,94.7225,78.3425,67.2425,127.6725,35.4075,13.6675,51.9625,159.8325,166.785,123.43
"88",2017-02-08,49.64,45.0225,160.7325,131.7075,60.4325,90.51,42.5175,115.6625,115.49,77.2525,44.03,96.47,225.9625,83.71,52.985,63.615,11.5,120.675,69.2875,238.1475,64.7875,45.095,92.49,53.9025,64.565,93.4625,93.555,96.52,78.02,67.285,126.94,35.595,13.4,51.9625,160.5925,167.3225,121.6575
"89",2017-02-09,50.3425,45.7275,163.3925,131.9075,60.75,91.16,42.535,116.355,116.405,77.1325,43.6375,97.18,227.59,84.0725,52.9375,63.62,11.5175,121.2725,69.845,244.675,65.22,45.0875,90.94,54.42,63.9675,94.2,95.2175,97.375,78.1375,69.61,126.6875,35.5975,13.6225,52.9,163.0175,166.6275,122.485
"90",2017-02-10,50.37,46.485,164.585,132.3925,60.635,91.1825,42.69,117.415,116.3325,76.4075,43.715,97.82,227.1725,83.51,52.82,63.6725,11.5375,121.62,69.9975,245.6375,65.5625,45.345,92.1225,54.9425,63.895,93.9675,96.33,97.9275,78.7175,71.895,126.9575,35.4225,13.6375,53.3675,166.215,167.7575,123.98
"91",2017-02-13,50.615,47.0625,163.635,133.235,60.595,91.4825,43.075,118.29,117.205,77.4425,43.685,98.325,228.14,83.8975,52.955,63.83,11.65,121.945,70.4625,247.04,65.9575,45.5125,93.8325,55.45,63.8375,94.535,97.2375,97.8125,79.2525,71.83,127.295,35.595,13.63,53.705,167.8525,167.58,125.7475
"92",2017-02-14,50.35,46.89,163.2175,134.2075,60.5975,90.41,43.3375,119.2175,117.4225,77.68,43.6525,98.945,228.3,84.0475,52.6825,63.4025,11.555,123.9725,70.955,247.2875,66.625,45.2425,94.2875,55.45,63.7,92.57,98.1625,97.0925,79.61,71.205,128.985,35.35,13.3425,53.4725,167.105,167.19,126.835
"93",2017-02-15,51.305,47.5275,163.8675,135.48,61.2025,90.74,43.75,119.75,118.055,80.4975,44.155,99.185,229.5675,84.28,52.27,63.06,11.47,127.2975,70.95,248.965,61.6975,44.705,95.555,55.6575,63.6275,92.025,99.13,97.0325,80.255,71.375,130.6225,35.4875,13.2725,54.075,169.2075,169.5275,128.3825
"94",2017-02-16,51.19,47.195,162.495,135.4375,61.4675,90.465,44.0375,120.2925,118.9275,81.5725,44.2025,99.635,231.2,84.78,52.5075,63.53,11.62,128.655,70.9675,247.745,61.615,45.09,96.4975,56.14,64.245,92.8375,100.2,96.685,80.66,72.46,134.1225,35.2575,13.1025,54.26,169.1025,171.535,128.73
"95",2017-02-17,51.125,46.8175,160.955,135.4375,61.64,90.4,44.4125,120.7825,119.105,82.065,44.3575,99.45,232.9,85.34,53.2125,63.8925,11.4975,126.785,70.875,246.86,62.23,44.9975,96.2775,56.52,63.01,92.1825,100.885,96.18,80.3675,73.0675,128.5625,35.29,12.915,54.2525,167.425,171.7225,128.315
"96",2017-02-21,51.495,46.9175,163.97,136.415,61.82,90.615,44.8375,121.38,119.71,82.545,44.7675,99.2375,236.1825,87.1075,53.545,64.34,11.62,126.1775,71.35,247.6875,63.065,45.2925,97.26,56.525,62.6875,93.1325,102.025,96.49,80.5725,73.89,130.45,36.11,13.7275,54.7925,169.8975,172.8375,130.2025
"97",2017-02-22,51.39,46.3475,159.42,136.6925,61.5825,91.435,44.9525,122.0825,119.47,82.07,44.6625,99.82,238.955,86.6225,53.85,64.975,11.7,127.8775,71.17,247.15,63.6,45.505,97.995,56.115,62.79,92.97,100.73,96.8475,80.3875,74.3225,130.39,36.46,14.28,55.075,169.6725,172.8825,130.245
"98",2017-02-23,51.4275,46.4325,158.34,136.9225,61.8275,91.605,45.195,122.375,119.2775,81.7375,44.91,101.175,241.4525,86.77,54.065,65.74,11.7125,129.3625,71.46,246.4975,64.1025,45.7625,98.4725,56.335,62.88,92.635,101.0725,96.6525,80.54,74.115,130.36,36.32,14.1975,54.8625,169.3425,173.165,130.5425
"99",2017-02-24,51.57,46.04,156.8675,136.1275,61.9325,91.59,45.47,122.615,118.69,81.2925,45.025,102.235,242.935,86.8725,54.3375,66.6775,11.8275,129.0975,71.4525,245.575,63.5625,46.0075,98.365,56.4675,62.66,92.255,101.7675,96.025,80.4725,73.685,131.3425,35.995,14.075,54.3775,167.6375,173.7625,129.19
"100",2017-02-27,51.7,46.135,156.635,136.9475,62.0725,92.02,45.4275,122.9275,118.7675,81.9,45.1625,102.81,245.725,87.435,54.3275,66.8475,11.4225,129.1325,72.13,245.2025,63.8975,46.3,98.38,56.93,62.8,92.7675,102.545,97.175,81.1575,73.8125,131.6475,36.375,14.7725,54.6075,168.3775,175.08,130.465
"101",2017-02-28,51.425,46.3575,156.53,137.0525,62.01,91.58,45.1875,122.5675,118.5075,81.9825,46.3225,102.5875,244.8575,87.0025,54.445,66.825,11.38,129.2025,72.28,245.25,63.9175,46.53,98.525,57.005,62.705,98.9025,102.7825,97.9725,81.685,73.205,131.435,36.2725,14.9525,54.2475,167.9575,176.415,130.8025
"102",2017-03-01,51.885,47.18,157.375,138.8575,62.4675,92.23,45.46,123.515,119.635,83.0375,46.925,104.0325,246.2225,87.9875,54.4425,66.2375,11.385,130.2575,73.03,245.1025,64.6575,46.17,100.5425,57.47,63.145,102.9725,103.6725,99.4375,82.535,73.735,133.3125,36.7,14.9125,55.0325,170.2025,177.92,134.485
"103",2017-03-02,51.7075,46.1925,157.145,139.5,63.0575,92.0025,45.595,124.0825,119.8475,83.54,45.9975,104.11,246.0325,87.9575,54.89,66.305,11.47,129.7925,72.5375,245.98,64.2675,45.74,100.2875,57.25,63.65,103.2,103.975,98.145,82.3575,73.825,133.42,36.62,14.285,54.995,168.735,177.8675,133.3075
"104",2017-03-03,51.6375,46.425,156.2725,139.245,63.2025,92.1475,45.335,123.7675,119.87,83.3725,45.3725,104.1725,243.865,86.4125,54.9175,66.4175,11.555,130.0675,72.305,244.67,64.055,45.3275,99.9125,56.72,63.3975,104.1125,103.9025,97.805,81.7725,73.8975,133.7525,36.6525,13.2375,54.765,168.9075,179.185,132.3525
"105",2017-03-06,51.4725,45.695,154.9725,139.2675,63.32,90.795,45.09,123.0475,119.9325,83.36,44.905,104.4275,243.8225,83.57,54.89,66.345,11.54,130.6025,72.075,243.3825,63.74,45.17,99.3,56.455,63.075,101.3325,103.43,97.36,81.43,73.1575,134.2775,36.7525,12.94,54.4975,167.2225,179.3775,132.3525
"106",2017-03-07,51.1425,44.9125,153.1675,139.3375,63.485,88.8575,44.91,123.8175,120.105,83.6225,44.66,104.39,245.08,82.4125,54.84,66.285,11.4475,131.04,72.045,239.2325,63.39,45.28,99.5075,56.2625,63.505,103.0725,102.865,95.6475,81.405,73.0275,130.91,36.9475,13.07,54.645,166.6775,177.4125,132.2675
"107",2017-03-08,51.295,44.895,154.32,139.1425,64.0175,88.9225,45.1925,124.285,119.955,83.57,44.3175,103.7,246.42,82.915,54.215,65.46,11.1725,131.28,72.19,240.9025,63.6575,45.005,99.94,56.3375,63.415,103.115,103.8375,95.16,81.4775,73.02,128.63,37.0975,13.28,54.655,167.51,177.7325,133.1525
"108",2017-03-09,51.395,44.0025,155.08,138.315,64.3525,88.8725,45.5175,123.6425,119.775,83.2525,44.2825,103.4925,247.06,83.5825,54.255,65.1275,11.085,132.39,72.2,240.2225,63.8625,44.295,99.85,56.2125,63.8975,102.715,104.565,95.245,81.3975,73.5025,126.4825,37.2275,13.335,54.175,166.17,178.29,133.0475
"109",2017-03-10,51.92,43.57,154.6725,139.0975,65.685,88.515,45.71,123.745,120.8175,82.9925,44.85,104.1475,248.875,85.44,53.8925,65.3075,11.125,133.1275,72.1925,240.7425,63.16,43.8075,99.9675,56.555,64.2725,103.03,105.37,95.5525,81.885,74.21,127.12,37.905,13.6975,53.835,165.285,180.4875,132.575
"110",2017-03-13,52.26,43.12,153.515,139.075,65.74,88.8425,45.5475,124.1225,121.44,82.4875,44.855,104.5925,248.495,86.185,54.01,65.6,11.1,132.6875,72.0475,241.015,62.57,43.3775,99.5325,56.7625,64.5775,103.445,106.8,96.845,81.955,74.37,125.6875,38.35,14.405,53.9825,163.615,181.325,132.4325
"111",2017-03-14,52.1675,41.5525,153.8875,139.195,65.8,88.7525,45.0025,124.11,121.425,83.0825,44.66,104.27,245.805,86.1425,54.0975,65.7525,11.0075,131.8675,71.8325,239.585,62.765,43.095,99.15,56.7975,64.1625,103.8525,107.445,95.3125,82.09,74.355,123.155,38.21,13.9725,53.63,163.3425,180.4325,131.755
"112",2017-03-15,53.8125,41.2475,152.8125,139.91,66.18,89.01,45.135,124.0575,121.8575,83.2975,44.8875,104.3475,245.07,87.4025,54.545,66.34,11.1975,133.2275,72.045,239.6775,63.1475,43.82,99.1325,56.9675,64.085,104.7725,108.9725,94.175,82.3625,74.7075,121.9025,38.645,13.9225,53.9,165.44,181.8575,133.6075
"113",2017-03-16,53.34,42.0275,152.9375,140.6725,66.075,88.8075,45.035,124.4475,122.68,82.98,44.8625,104.4225,245.415,87.6125,54.39,66.21,11.285,133.5225,72.45,240.115,63.0775,44.275,98.8025,57.11,64.675,104.6375,110.57,94.75,82.7275,75.055,122.59,39.045,13.7425,54.165,166.7775,180.3925,134.35
"114",2017-03-17,53.205,41.8825,152.2425,140.47,65.83,87.66,45.0825,124.8025,128.175,83.16,44.8525,104.6625,245.4125,86.78,54.785,66.3925,11.4,132.4225,72.4825,238.4775,62.5325,44.2225,98.735,56.875,64.945,105.4075,111.575,93.9425,82.86,75.2425,122.5325,39.27,13.5525,54.225,164.555,168.38,133.1
"115",2017-03-20,53.2725,41.9375,152.87,140.8975,65.7875,87.175,45.0675,124.7925,126.795,83.185,44.61,104.755,244.87,86.17,54.875,66.4,11.325,131.115,72.2825,237.3275,62.325,44.1775,98.07,56.94,64.7975,105.855,112.61,94.7775,82.645,75.35,121.07,39.4675,14.03,54.2375,162.3525,169.085,130.67
"116",2017-03-21,53.0375,41.155,151.8075,141.12,65.5875,86.4925,44.9825,124.69,126.0075,82.55,44.945,103.9925,242.1375,85.0775,55.08,66.5975,11.2475,129.9,71.935,236.095,62.17,44.3625,96.82,56.58,64.2325,105.4875,112.425,93.73,82.11,74.91,119.3825,39.0975,14.1225,53.8325,161.1925,168.4,128.515
"117",2017-03-22,53.01,39.9725,151.3475,140.655,65.4325,85.875,44.8525,125.6275,125.565,81.9675,45.275,103.415,240.3925,84.0725,55.8825,67.425,11.255,128.7875,71.3125,234.49,61.4375,44.5475,95.45,56.085,63.3775,104.6475,111.42,91.635,81.53,74.49,119.2775,38.6175,13.8725,53.2725,158.8825,167.4875,124.6425
"118",2017-03-23,53.18,41.1125,151.145,141.0925,65.6475,86.0975,44.765,121.755,126.5825,81.855,45.66,103.59,242.2875,85.1525,56.055,67.515,11.2,128.185,71.885,234.905,61.4375,44.59,95.5625,56.3,63.7925,105.39,112.29,93.66,81.46,74.7975,120.1675,38.8525,13.91,53.4,159.355,166.7775,125.48
"119",2017-03-24,53.505,41.725,150.215,141.0575,65.6425,86.275,44.81,119.9575,127.9025,81.9625,45.6275,103.59,243.9375,86.365,56.125,67.6175,11.22,127.33,72.085,236.4725,61.1475,44.8325,95.345,56.51,63.805,105.05,113.535,94.34,81.1,75.085,120.09,39.1925,13.895,53.49,159.2875,166.1075,125.6975
"120",2017-03-27,52.9,41.315,147.8125,140.0275,65.7475,86.82,44.605,119.055,127.7325,81.0825,45.39,102.8175,241.9425,85.18,56.2525,67.805,11.18,125.7875,71.5275,237.585,60.52,44.3925,94.1825,56.15,62.98,103.955,113.535,94.2525,80.7125,74.5575,117.7825,38.6525,13.51,53.0125,157.415,164.8225,123.6175
"121",2017-03-28,53.36,42.2275,147.6975,142.3425,65.9475,87.4275,44.62,120.63,128.3975,81.7725,45.5575,102.91,243.95,85.54,55.645,67.66,11.19,126.5725,72.0875,240.125,61.355,44.1725,94.8675,56.6525,63.23,104.7625,113.8075,95.7725,81.3825,74.9575,118.6775,38.8675,13.7125,53.645,161.3875,164.7025,126.81
"122",2017-03-29,53.145,42.32,148.99,143.87,65.9175,88.52,44.6375,121.125,128.9525,81.8725,45.955,102.4875,244.77,85.79,55.1275,67.495,11.2725,126.155,71.75,241.365,61.6925,44.295,94.8525,56.8725,63.375,105.2225,114.0525,95.2825,81.675,75.105,119.68,38.825,13.7375,54.0625,162.5025,163.9225,127.545
"123",2017-03-30,53.1925,42.205,148.975,144.03,65.5725,89.35,44.55,120.615,129.685,82.0775,46.175,102.1125,247.0875,86.4325,54.78,67.14,11.1525,126.6475,71.9375,240.56,62.2175,44.235,94.9375,56.73,62.035,105.2875,114.32,94.0875,81.4825,75.59,121.4275,38.9325,13.87,54.1375,163.1325,164.115,128.4225
"124",2017-03-31,52.995,42.47,148.325,143.665,65.3225,88.8725,44.4725,120.41,129.9475,82.0625,46.0275,102.2825,248.92,86.19,54.6375,67.1975,11.1625,126.98,72.335,239.335,62.4825,44.3175,95.38,56.615,60.1675,105.3675,114.2675,92.8325,81.4825,75.79,120.955,38.8175,14.3525,54.01,163.75,164.43,129.58
"125",2017-04-03,53.01,42.2425,146.665,143.645,65.185,87.7925,44.395,117.7025,129.7,81.5975,45.95,101.7725,249.6425,85.6025,54.455,66.9625,11.16,128.4825,72.61,238.5475,62.03,44.275,95.235,56.2675,58.9225,105.2225,115.76,92.015,81.4225,75.8525,120.5625,38.865,14.57,53.9425,163.3275,164.265,129.37
"126",2017-04-04,52.895,41.51,143.965,144.02,65.09,87.1725,44.3175,117.6675,129.725,80.985,45.5275,101.2925,250.6075,85.165,54.7175,67.2325,11.215,128.2075,72.575,238.2,61.9125,44.5,94.9325,56.1675,58.7725,105.3,116.1025,91.2675,81.575,75.2525,118.96,38.8475,14.2925,53.6925,161.1325,163.9375,129.045
"127",2017-04-05,52.8375,41.4125,143.4325,144.3775,65.2025,87.4675,44.0525,118.115,130.295,80.82,45.4025,101.9975,251.67,84.46,54.785,67.5275,11.1975,127.9525,72.5675,238.7275,62.1175,44.47,95.04,56.28,59.12,105.6275,115.4775,90.5625,81.67,74.625,117.55,38.8175,14.2975,53.9675,160.5075,162.9875,129.3675
"128",2017-04-06,52.835,41.56,143.3075,143.98,64.99,87.36,43.66,117.295,129.8475,80.17,45.2,101.75,252.285,83.755,54.8775,67.5925,11.195,128,72.7725,238.3075,61.7,44.6775,94.4,56.18,58.9775,105.6075,114.875,89.8775,81.385,74.6325,115.6625,38.3575,13.245,54.0075,160.1175,162.3775,128.5925
"129",2017-04-07,52.92,41.68,142.5075,143.63,65.34,87.6375,43.7425,117.17,130.14,80.1375,45.1125,101.985,252.075,84.34,54.695,67.6025,11.115,128.4725,72.8475,238.1575,61.4925,44.92,94.59,56.3125,58.3725,105.9425,114.975,89.0975,81.2275,74.755,115.27,38.715,13.4375,54.1175,160.415,163.195,129.085
"130",2017-04-10,52.89,42.105,142.5875,143.3875,65.29,88.2575,43.73,117.8175,130.0825,79.66,44.955,102.1925,249.37,85.2675,54.5525,67.4075,11.1,129.015,73.335,240.01,61.51,44.8975,95.0325,56.3175,58.42,105.4,114.875,89.3225,81.26,74.7525,116.6075,38.905,13.3125,54.4075,160.8525,163.375,129.4125
"131",2017-04-11,52.7,43.2675,142.84,141.995,64.09,87.83,43.3875,116.2125,129.5575,78.2275,44.71,101.9325,241.2175,85.475,54.61,67.3275,11.205,128.9425,73.4825,239.28,61.01,44.9125,94.7725,56.205,58.8225,105.05,114.78,88.7575,81.07,74.96,116.96,38.295,13.03,54.3475,161.2725,162.74,128.6825
"132",2017-04-12,52.725,44.4825,142.1575,141.64,64.155,86.925,43.395,115.875,129.505,77.555,44.6275,101.8175,239.235,85.7825,55.0175,67.4525,11.3225,129.2625,73.2975,238.12,60.14,44.5375,94.275,55.935,58.835,105,114.675,89.13,80.6925,75.09,115.9275,38.03,12.885,53.955,162.5075,163.3475,128.1475
"133",2017-04-13,52.4525,43.665,141.635,141.5975,64.2925,86.74,42.605,115.2325,129.5375,76.925,44.3975,101.755,236.8225,85.0975,55.11,67.6325,11.355,128.84,73.19,237.6375,59.835,44.09,93,55.625,58.835,103.96,113.955,87.3775,80.83,75.1575,116.62,37.7125,12.4375,53.3825,161.7875,162.4625,126.9775
"134",2017-04-17,53.055,43.8275,140.9325,141.515,64.5325,86.5525,42.9175,115.3025,129.7875,76.63,44.5025,101.7925,237.605,85.725,55.255,67.7125,11.405,128.885,73.33,236.955,59.7425,44.375,93.655,55.96,58.945,104.1175,114.5675,86.69,81.135,75.735,118.4975,37.815,12.6225,53.6925,162.755,161.8075,127.025
"135",2017-04-18,53.0825,43.9425,140.7925,141.44,63.72,82.575,43.2675,115.8725,129.815,76.6475,45.1225,101.5125,238.1625,85.8525,55.415,67.88,11.4,129.4825,73.8025,234.6975,59.5775,44.65,93.53,56.125,58.935,104.87,115.6,86.7275,80.5825,75.9175,118.145,37.8875,12.7825,53.905,161.9775,161.3475,126.545
"136",2017-04-19,53.1975,44.2875,142.5625,141.2525,63.6475,82.3,43.6225,116.67,130.23,77.4525,44.98,102.1275,239.2,87.4775,55.065,67.8425,11.3825,128.995,73.8825,235.4925,59.37,44.535,94.1675,56.08,59.3875,106.0475,117.1875,87.1625,80.055,76.6825,119.565,39.315,12.9825,54.0275,163.1175,161.7825,127.4475
"137",2017-04-20,53.1625,44.9675,145.0075,141.935,63.6975,82.2875,43.835,118.525,131.0975,78.0675,44.805,102.7325,256.0975,88.1725,54.4375,67.3975,11.3675,130.5325,73.99,237.655,59.56,44.1425,94.7925,56.1375,60.0675,105.825,117.97,87.9525,79.8125,77.4425,119.6775,39.6375,13.03,54.4875,163.9725,161.7175,128.51
"138",2017-04-21,53.19,45.2825,146.34,142.31,63.855,81.715,43.72,119.495,131.59,77.355,44.9675,102.925,261.31,88.5475,54.8225,67.6125,11.38,131.4075,74.195,236.4625,59.3675,44.12,94.8275,55.8975,60.3,105.4025,118.91,88.745,79.8875,77.8525,117.5825,39.81,13.025,54.8925,163.8575,161.385,129.1725
"139",2017-04-24,54.2,45.9625,147.3125,143.5675,64.62,81.47,44.075,119.73,132.795,79.4375,45.3575,103.8575,262.27,90.105,55.2875,67.81,11.4875,132.765,74.7825,237.5775,59.7375,44.1025,95.9075,56.2225,61.1925,106.4175,120.0725,90.7325,80.7775,78.51,118.8625,40.3775,13.1575,56.0125,166.395,162.785,132.015
"140",2017-04-25,54.815,46.795,145.9675,144.3025,65.1225,80.82,44.03,119.1725,133.3825,79.3575,45.5725,104.615,262.4925,90.4325,55.1325,67.7925,11.5775,133.7125,75.025,238.0125,60.07,44.22,96.76,56.3925,61.6025,107.84,120.1025,91.2525,81.025,78.7025,120.5275,40.64,13.3525,56.9975,166.565,164.23,130.775
"141",2017-04-26,54.99,46.5125,146.095,144.0325,65.2925,81.53,43.8975,118.8925,133.1275,78.6075,45.4675,104.7075,262.64,90.13,55.1025,67.805,11.52,134.2925,74.8925,239.2475,60.2275,44.6575,97.24,56.44,62.0125,108.0525,119.3725,89.6825,81.6025,79.1625,121.095,40.7075,13.395,57.1725,166.38,165.0425,129.96
"142",2017-04-27,55.1725,43.6275,144.545,143.795,66.035,81.7475,43.805,119.8375,133.38,78.235,45.4675,105.1875,261.57,90.525,55.12,67.8025,11.3175,134.4425,75.0075,241.4925,60.7225,44.5675,97.18,56.68,59.87,108.3675,119.905,85.3025,81.905,81.105,125.3875,41.2625,13.53,57.2225,165.725,161.57,128.4575
"143",2017-04-28,55.1375,43.315,142.05,143.8275,65.94,82.0575,43.64,120.7175,133.4325,77,45.6675,104.7725,253,90.2025,54.8175,67.9775,11.3,134.2575,75.44,242.915,61.0375,43.975,96.615,55.92,60.305,108.6,138.34,85.14,81.5825,79.3625,127.4575,40.905,13.4875,57.2425,165.375,162.68,128.3525
"144",2017-05-01,55.6625,42.4525,141.7975,145.96,66.27,82.42,43.5075,121.3525,134.615,75.585,45.735,104.065,251.5325,91.9025,54.485,67.7175,11.3325,135.9375,74.785,244.8125,61.4375,43.4125,96.96,55.9625,61.3075,108.9025,134.6075,84.9475,81.505,78.18,129.625,41.31,13.4825,57.32,158.8875,163.2925,128.725
"145",2017-05-02,55.815,42.9725,141.3825,147.495,66.5,82.3525,43.6075,120.9725,135.2475,75.945,42.545,104.0575,254.205,92.61,54.3175,67.8475,11.3025,137.5475,74.7275,245.08,61.62,43.2675,97.7025,55.4575,61.91,108.765,134.09,85.4925,81.65,77.7825,132.0125,41.5775,11.0275,58.3775,154.9525,163.4375,129.21
"146",2017-05-03,55.9275,43.795,142.675,146.1025,66.57,82.4575,43.6425,120.315,134.8575,75.4825,41.4975,97.895,254.2425,93.39,54.3325,67.98,11.235,139.06,74.81,244.1825,61.5275,42.9725,101.9675,55.0025,53.3925,107.955,133.4075,86.3425,84.2175,77.205,131.495,41.5425,10.3025,59.535,154.5375,163.6775,128.7125
"147",2017-05-04,56.4525,43.92,143.795,146.5,66.9975,85.375,44.1625,120.695,134.8725,75.695,41.9775,98.5325,255.1025,93.395,54.4375,67.88,11.13,139.495,74.7175,244.875,62.9175,42.84,104.7275,55.2325,53.2025,110.4675,137.075,86.095,85.455,77.46,130.2175,41.6225,10.285,60.2475,155.5825,164.2,128.525
"148",2017-05-05,56.76,44.2,144.645,147.865,66.93,86.265,44.5975,121.1775,134.8525,75.6775,42.5275,99.2025,254.4175,92.8025,54.89,68.295,11.2125,140.405,74.37,245.23,62.7575,43.51,104.1375,55.565,52.4125,109.78,139.835,85.355,85.5725,77.5,129.67,41.7175,10.13,60.3475,155.3475,163.9625,128.3675
"149",2017-05-08,56.43,44.775,145.99,151.1925,66.56,86.45,44.7275,121.1225,135.02,75.9975,42.715,98.0675,255.995,93.375,54.705,67.855,11.1775,141.0575,74.3175,243.0425,62.3075,43.535,104.7925,55.6475,51.1375,109.6525,137.585,84.42,85.0875,77.0125,126.4025,41.71,10.12,60.04,154.255,163.26,128.5525
"150",2017-05-09,56.6175,46.2575,146.2075,154.0475,66.295,87.28,44.6625,121.2275,135.3625,77.8225,42.5425,96.8275,259.1425,94.61,54.415,67.4875,11.325,141.8475,74.12,242.2375,61.955,42.98,104.9925,55.4275,50.4375,109.3625,138.085,84.065,84.5325,77.01,124.4475,41.9575,10.165,60.0725,153.585,163.325,128.875
"151",2017-05-10,56.535,47.195,145.85,153.235,65.9325,87.995,44.5675,121.05,136.065,79.2925,42.285,96.7375,259.2275,95.365,54.3475,67.375,11.475,142.525,74.085,232.1925,61.51,43.19,103.8875,55.28,50.1175,109.9575,137.285,83.7,84.3,76.595,122.97,42.74,10.6375,59.9375,153.8075,161.735,128.6525
"152",2017-05-11,56.135,46.66,145.1575,153.195,65.455,88.36,44.105,120.53,135.995,78.5575,42.1425,96.365,253.385,95.17,54.2675,67.3175,11.5225,143.88,73.995,231.6325,62.3225,43.0875,103.025,55.185,49.775,110.5825,136.8575,83.27,83.8275,76.7475,119.835,43.1775,10.895,59.6325,152.4475,159.6875,127.8475
"153",2017-05-12,56.17,46.065,145.2325,155.4725,65.6825,88.6925,43.975,120.805,136.6375,78.6875,42.045,96.8225,246.9,95.275,54.74,67.875,11.405,143.5775,73.5925,230.8225,61.325,43.2375,102.265,54.8675,49.5325,110.4125,138.07,83.6825,84.0175,76.96,119.645,43.4175,11.235,59.56,152.885,160.1975,126.5025
"154",2017-05-15,56.385,46.265,145.5375,155.8525,66.385,89.4675,44.0225,121.6275,137.3175,79.64,42.05,97.69,243.17,96.3125,55.005,68.3075,11.375,142.4,73.6875,229.26,61.545,43.2175,102.1775,54.9075,49.725,111.67,138.8675,84.8425,84.325,77.0525,120.795,44.0825,11.4325,59.7025,154.5475,159.4275,127.7075
"155",2017-05-16,57.51,46.4,145.165,155.5475,66.7075,89.3425,44.07,122.84,138.02,80.7225,41.955,98.405,245.695,97.4675,54.92,68.1925,11.3925,141.6775,73.7425,226.93,62.1525,42.8625,102.18,55.2775,49.645,112.35,138.515,84.7475,84.45,78.09,120.5,44.815,12.2025,59.7275,154.33,159.9275,129.33
"156",2017-05-17,56.03,45.6525,144.0725,152.0325,65.325,87.085,43.285,121.5125,135.7725,79.27,41.69,97.5775,239.805,95.6575,54.65,68.145,11.3275,139.98,73.3375,221.7475,61.48,42.63,100.6325,54.8625,48.1525,111.135,136.545,83.1475,83.9525,77.31,117.7725,43.6925,11.615,59.3425,151.7325,158.01,125.44
"157",2017-05-18,55.905,44.7075,146.73,152.07,65.575,86.6825,43.0775,120.425,133.245,80.0875,41.385,97.7375,235.7625,94.7975,54.8775,68.34,11.1975,139.8975,73.725,219.8775,61.4775,42.8175,99.7475,55.28,47.275,109.88,137.03,82.685,84.4875,77.0425,116.6975,43.4875,11.1425,59.1125,150.2375,157.6025,124.08
"158",2017-05-19,56.1,45.035,149.9875,153.2625,65.66,88.405,43.16,120.8475,135.64,81.2025,41.4825,98.4425,235.2575,109.24,55.4025,68.41,11.185,140.835,73.8,219.7775,61.405,42.8925,99.58,55.5725,47.3175,110.6825,138.28,83.9225,84.4425,78.45,115.4125,44.695,11.4625,59.8225,151.1225,157.2575,125.535
"159",2017-05-22,56.2425,45.78,149.205,153.87,65.3525,89.42,43.4925,122.0925,138.0025,81.86,41.55,98.9825,237.07,111.735,55.9775,69.07,11.265,141.1425,73.95,219.63,61.5175,43.1475,99.765,56.0375,47.73,110.5725,138.6975,85.155,84.625,79.4625,114.3725,44.385,11.2125,60.455,153.5825,153.415,125.86
"160",2017-05-23,59.11,46.39,140.695,154.2275,65.7425,89.45,43.795,122.47,139.3325,81.8175,42.345,99.375,236.385,113.225,56.605,69.615,11.4125,141.3775,74.0575,220.32,61.755,43.285,99.3675,56.445,47.625,111.3025,137.68,85.47,85.035,79.2175,107.7925,44.74,10.885,60.6525,153.1125,153.3625,123.235
"161",2017-05-24,58.785,46.8975,132.9675,153.505,65.8525,89.555,43.6275,121.2075,140.59,82.2075,42.52,99.74,236.59,113.0625,56.22,69.96,11.575,143.0525,73.9875,223.035,62.46,43.3125,99.33,56.7475,47.56,111.965,138.6175,85.345,85.6625,78.985,102.3025,44.8075,10.9275,60.9375,152.4175,154.5375,122.3775
"162",2017-05-25,59.3625,47.4875,132.11,153.745,66.1875,90.5925,43.7925,122.9025,142.5725,82.3375,42.6125,100.7225,245.28,113.6275,55.805,70.495,11.7425,144.8475,74.295,224.715,62.94,43.3325,99.835,57.235,47.925,112.77,140.1875,85.66,86.1075,79.3725,101.4375,44.915,10.95,61.1125,153.575,155.32,122.4675
"163",2017-05-26,59.375,48.27,133.285,153.79,66.115,91.15,44.3275,122.865,142.3975,82.535,42.5075,101.255,244.0275,113.64,56.0575,70.8475,11.77,145.845,74.6925,223.905,63.34,43.23,99.7475,57.295,47.675,112.655,141.7075,86.56,86.2825,79.3825,98.0225,45.155,10.9025,60.955,153.8125,155.3825,122.4
"164",2017-05-30,59.95,48.1625,133.905,153.7125,65.98,90.9025,44.6925,123.175,142.0675,83.9925,42.15,101.235,243.11,112.97,56.2675,70.985,11.7325,146.0275,74.94,223.0275,63.745,43.0975,98.8975,56.87,47.36,112.395,143.01,86.12,86.1325,78.8525,97.815,45.495,11.06,60.685,153.3975,154.445,121.6425
"165",2017-05-31,60.0125,48.155,133.6975,153.32,66.07,91.41,45.4475,124.1475,142.375,87.75,41.9325,102.02,240.81,112.6475,56.7125,71.5475,11.695,144.9325,75.195,223.2575,63.8825,42.9975,98.135,56.705,47.26,112.875,144.5975,86.53,86.205,78.545,98.2175,45.7275,11.2675,60.815,153.37,154.4875,120.51
"166",2017-06-01,60.33,48.8025,135.5125,152.975,66.4525,92.3975,45.7975,124.8425,141.61,84.1775,41.3725,102.94,240.725,112.2025,56.715,71.87,11.805,146.4375,75.695,225.71,63.845,42.8475,99.325,57.13,47.7325,113.555,145.8275,87.77,86.4475,79.1275,99.3925,46.0075,11.0675,61.3225,157.5025,155.9125,122.275
"167",2017-06-02,60.88,49.73,137.285,154.3425,66.9975,93.4075,46.3825,125.495,142.7575,81.145,42.05,100.17,238.925,113.0825,56.99,72.545,11.93,147.3375,75.8975,227.9575,63.9,43.4625,99.7475,57.3225,48.52,113.7375,148.2875,89.165,86.6675,79.5375,102.13,46.445,10.8375,61.75,160.45,158.26,122.2125
"168",2017-06-05,60.5925,49.655,136.075,154.045,67.375,93.15,46.58,126.25,143.895,79.83,41.95,101.175,236.975,111.7475,57.0075,72.5125,11.8075,147.8475,75.895,228.545,63.94,43.76,99.765,57.13,48.7025,113.765,149.4975,89.1925,86.675,80.0025,101.325,46.775,11.055,61.8675,161.675,159.975,122.6975
"169",2017-06-06,60.22,49.6575,132.8075,154.485,67.705,92.385,46.49,126.3825,143.32,79.44,41.88,101.1425,237.79,111.0775,56.95,72.37,11.84,148.0475,75.1475,227.86,63.395,44.1525,98.685,56.4575,48.6875,113.19,148.5725,89.1975,86.105,79.2925,101.39,46.7075,11.695,61.4725,160.1975,159.955,120.995
"170",2017-06-07,60.4075,50.0025,131.755,155.2125,68.5225,91.89,46.4425,126.2325,143.2925,80.5525,41.915,101.035,240.0775,111.3075,56.945,72.415,11.74,149.0225,74.895,228.38,63.265,44.225,99.0075,56.695,48.4925,112.7575,149.1225,90.5125,85.9125,78.525,101.34,46.98,12.4975,61.56,160.2125,160.82,121.8425
"171",2017-06-08,60.3,51.1425,128.39,155.045,68.705,91.79,46.4175,126.415,143.075,81.6475,41.9275,100.895,239.825,111.195,56.46,72.19,11.5375,149.6025,75.21,228.8775,63.4975,44.0125,99.15,57.185,48.675,113.6,150.36,91.145,86.24,77.9475,102.0275,47.3075,12.755,61.6775,160.4525,162.3,122.9275
"172",2017-06-09,59.775,51.02,126.605,151.345,69.255,91.6775,47.0175,125.885,140.1325,80.5225,41.9025,100.52,242.2075,108.1075,56.215,71.745,11.625,149.765,76.71,231.3675,63.885,44.185,100.7625,57.64,48.555,115.22,150.2625,90.4275,87.0025,77.545,104.39,45.9075,12.6025,62.3175,161.5825,163.895,125.25
"173",2017-06-12,58.865,49.475,129.495,144.94,69.5275,92.2225,47.2525,125.755,135.2025,79.0375,42.3075,100.8725,242.9625,105.2425,55.955,71.625,11.74,148.0825,77.5975,231.0775,63.9475,44.2375,101.3,57.9,48.6675,113.195,144.385,89.055,87.68,77.6925,106.5375,43.825,11.865,62.11,161.93,165.0975,127.06
"174",2017-06-13,59.23,49.44,130.72,146.5875,69.685,92.635,47.3925,126.7875,138.9575,80.815,42.3775,101.6775,246.59,107.14,56.1125,71.4275,11.8175,148.525,77.79,230.445,64.02,44.18,101.6,58.24,49.95,112.22,144.155,89.0275,87.9725,78.67,107.2175,44.885,12.11,61.9775,161.84,164.44,127.6125
"175",2017-06-14,59.4375,49.425,131.145,146,70.04,93.5975,47.605,127.4375,138.7,81.1175,42.2075,101.645,243.6825,107.0975,56.55,72.07,11.9525,149.4225,77.7675,232.1325,64.0675,44.59,101.92,57.9525,49.5025,110.775,144.62,88.97,88.3675,79.7475,116.1575,44.4275,11.845,61.79,162,164.8275,126.7275
"176",2017-06-15,59.135,48.985,130.6475,143.575,70.3675,93.965,47.8525,126.2925,136.625,79.955,42.25,101.4875,245.9975,104.9675,56.4375,71.9325,11.885,149.5725,77.7425,233.62,63.7775,44.48,102.6525,58.2875,49.035,106.41,143.2875,88.215,89.22,79.985,117.1125,43.2125,11.4075,61.68,162.3725,163.95,128.3375
"177",2017-06-16,59.4775,48.94,129.7975,143.1875,70.865,93.3425,48.1425,127.4025,137.4575,79.855,42.33,102.6275,252.1575,104.9825,56.795,72.325,11.925,150.0775,78.0925,235.1225,63.8325,44.46,103.8575,58.8325,49.1225,107.065,144.89,88.54,90.12,81.3225,115.92,43.315,11.5525,62.295,163.6775,162.8725,129.965
"178",2017-06-19,60.095,49.3325,129.8875,145.1,71.245,93.035,48.6375,128.025,139.8125,80.615,42.345,103.815,256.835,105.905,56.9175,72.1725,11.9175,151.47,79.065,237.5275,63.995,44.665,104.79,58.9625,49.7325,108.24,148.6025,89.975,89.6775,82.0625,115.2425,44.0025,11.825,62.655,165.47,164.025,131.655
"179",2017-06-20,60.525,48.655,125.945,145.9225,71.4075,93.4275,48.9275,126.97,141.1525,80.0775,41.92,102.7075,257.525,105.5875,56.9275,72.3125,11.87,151.6225,78.96,238.3325,63.61,44.505,104.0825,58.8325,49.1,107.9325,148.67,90.1175,89.3775,81.965,118.375,43.8775,12.485,62.285,165.835,166.3025,131.2275
"180",2017-06-21,60.075,48.3825,121.7225,145.5175,71.3,94.525,48.645,126.8475,144.88,79.67,41.4025,103.0075,258.61,105.7375,56.7125,72.5425,11.795,151.9675,78.385,241.605,63.5525,44.175,103.245,58.3925,48.9575,106.8125,148.375,90.3575,89.3,81.7625,121.28,43.485,13.62,61.1675,163.6175,169.1675,129.45
"181",2017-06-22,60.24,49.705,120.815,145.805,72.4375,96.31,48.9925,122.0125,144.5675,80.9475,41.1875,102.165,258.7125,106.0775,56.36,72.05,11.6,153.05,77.6425,246.355,63.04,43.8725,101.095,57.4325,49.6975,105.87,149.8975,91.24,88.69,81.4375,125.2325,43.5075,14.135,60.5525,161.455,173.4525,127.1775
"182",2017-06-23,60.1125,48.8,120.1675,145.92,72.8975,96.1075,49.145,122.555,144.4525,81.4375,41.1425,101.6325,260.86,107.0525,56.125,71.705,11.59,152.5875,77.6225,246.67,63.0925,43.8925,100.9975,56.9825,50.7125,105.1225,153.61,91.45,88.405,81.4575,127.72,43.8125,14.2225,60.52,161.74,172.7075,126.2875
"183",2017-06-26,59.5325,48.9775,121.6325,146.6625,72.72,96.135,49.115,122.955,145.5675,81.1325,41.2725,101.8975,261.3375,107.065,56.1175,71.6375,11.695,151.52,77.6825,248.21,63.285,43.745,103.17,56.9225,51.08,105.235,152.8925,91.72,88.4225,81.5775,125.8875,43.82,14.2,60.59,162.805,173.5475,126.1175
"184",2017-06-27,59.105,48.79,121.9825,144.63,72.6,95.8125,48.85,122.3825,143.555,79.1625,41.215,101.86,261.2575,104.3625,56.0675,71.115,11.5925,151.2575,77.7925,247.45,63.47,43.2325,103.765,56.7025,50.4675,104.9625,150.565,89.79,88.36,80.9875,123.925,42.455,13.6425,60.23,162.9125,172.14,126.4425
"185",2017-06-28,59.3925,49.17,118.4225,144.8975,72.94,96.4325,48.695,123.135,143.0125,78.75,41.1675,101.97,261.9325,103.5925,55.7525,70.565,11.435,152.2575,78.39,247.375,63.8325,42.8725,104.7025,57.09,50.4375,106.0025,151.16,89.02,88.6475,81.2675,124.0475,42.1975,13.4175,60.515,165.075,172.715,127.9225
"186",2017-06-29,59.0675,49.35,116.5425,143.95,72.6775,96.42,48.79,123.15,141.7875,77.995,40.8275,101.8675,260.5875,102.1925,54.77,69.6075,11.2075,151.92,78.1725,245.485,63.8975,42.4925,104.85,57.2725,50.025,105.7175,150.055,88.9425,88.5975,80.3125,123.6125,41.76,12.815,60.26,166.6675,173.205,129.245
"187",2017-06-30,59.18,50.0875,116.7225,144.3025,72.5275,94.5125,48.76,123.6325,141.715,77.9125,41.16,102.305,258.3025,101.565,54.685,69.705,11.1625,152.025,77.8175,243.655,63.04,42.975,104.07,57.2575,50.1275,105.6025,149.4325,89.575,88.4475,80.7,122.635,41.5575,12.56,60.5475,166.335,173.025,128.035
"188",2017-07-03,59.4575,50.705,117.715,144.195,72.635,94.83,48.785,124.105,140.15,77.25,41.49,102.3625,257.545,100.455,54.5075,69.33,11.0775,152.5975,78.435,244.2225,63.21,43.115,105.04,57.6675,50.245,106.06,150.3175,90.33,88.9925,81.5325,121.6775,41.32,12.395,61.1575,168.2875,173.0975,129.5575
"189",2017-07-05,59.55,50.855,106.5425,143.8225,72.4225,95.015,48.87,124.205,140.095,77.18,41.6375,103.22,258.9125,101.0575,53.9325,68.8975,10.9525,152.8725,78.39,244,63.0475,43.6375,104.975,57.5475,50.5625,107.17,151.355,91.0625,88.7075,81.9875,123.21,41.72,12.77,61.3,169.8,173.3075,130.61
"190",2017-07-06,59.38,51.615,103.93,142.915,71.9575,93.6575,48.3825,122.9875,140.135,77.12,41.425,103.44,255.5575,101.885,53.7025,68.8325,10.7275,152.77,77.9325,242.64,63.105,43.115,104.475,57.3525,49.9725,108.0725,150.46,91.185,88.865,81.25,122.1425,41.995,12.985,61.045,168.1525,172.435,130.1075
"191",2017-07-07,59.64,52.7225,102.1825,143.6825,71.97,93.4875,48.2675,123.895,141.905,78.115,41.225,104.43,255.8775,103.045,54.005,69.1,10.71,153.4175,77.92,241.095,63.25,42.725,104.895,57.6575,49.525,109.2275,151.6625,92.79,88.9525,80.9825,122.6375,43.015,13.3875,61.505,168.75,171.4225,130.3125
"192",2017-07-10,59.69,52.7575,101.25,144.6225,71.8575,93.24,48.33,124.0175,142.75,78.465,41.11,104.4175,255.475,103.4075,54.1125,69.16,10.8925,153.8975,77.7825,241.005,63.1075,42.7175,104.99,57.6025,49.4625,110.8625,151.93,93.1475,88.9225,81.455,123.285,43.955,13.6425,61.6875,171.3575,171.835,132.005
"193",2017-07-11,59.8525,52.08,100.675,145.1225,71.8075,92.1575,48.205,123.8025,143.005,79.36,40.4825,102.455,258.1,103.87,53.8625,68.89,10.9325,153.655,77.65,241.6825,63.0125,42.3925,104.68,57.165,49.8075,112.14,151.435,92.2475,88.32,81.43,123.665,44.7875,13.845,61.455,172.08,173.5025,132.09
"194",2017-07-12,60.5525,53.2975,101.225,145.6525,71.705,93.09,48.3225,124.8425,144.975,80.4925,40.7225,102.7725,261.035,106.0325,54.3425,69.2225,11.1,154.37,77.645,244.735,63.12,42.7925,104.415,56.955,50.3975,115.1375,152.1625,93.5225,88.1275,82.0375,124.9325,45.445,14.2025,62.1025,173.2025,173.4725,132.5375
"195",2017-07-13,61.105,53.71,102.095,146.8,72.285,93.13,48.2175,125.805,145.595,80.3,41.2275,102.055,263.13,107.36,54.155,68.64,11.0925,154.7875,77.78,244.5,63.74,42.855,104.915,57.25,50.355,117.47,152.4325,94.375,88.38,81.5175,125.67,45.3075,13.945,61.9825,174.5,174.4025,133.8575
"196",2017-07-14,61.345,53.91,102.7525,148.4175,72.8675,92.9925,48.59,126.395,145.8625,81.1175,41.5275,101.525,263.845,108.03,54.4425,68.4775,11.0725,155.1575,77.73,244.955,63.91,43.105,104.66,57.4425,50.4,117.985,153.345,93.315,88.6425,80.83,127.315,45.745,13.6575,61.84,175.1325,176.1625,133.77
"197",2017-07-17,61.5975,54.0525,102.04,149.4625,72.99,92.92,48.8525,126.5975,146.17,81.3725,41.44,101.5275,263.3075,107.85,54.6375,68.395,11.065,155.23,77.7875,247.4675,63.95,43.425,104.6475,57.49,51.5025,117.1875,155.995,92.4075,88.59,80.73,126.6275,46.12,13.865,61.79,176.1425,177.455,134.8
"198",2017-07-18,61.2825,53.46,101.015,149.52,72.3675,91.925,48.64,126.6675,146.9225,80.86,41.3125,101.0325,261.4775,107.1125,55.1625,68.5375,11.1875,153.91,77.6125,246.28,63.825,43.5175,104.66,57.375,51.56,117.225,155.9675,91.2375,88.48,80.56,126.315,46.2375,13.3625,61.5325,176.3725,176.9775,134.0125
"199",2017-07-19,61.3775,52.46,100.8,150.7175,72.51,91.175,49.115,127.5,148.4075,80.805,41.33,102.13,262.64,109.43,55.4975,68.575,11.2875,153.92,77.9075,246.2575,64.0075,43.49,105.3425,57.6125,51.8875,118.345,158.145,90.33,89.0675,80.7275,127.385,47.0075,13.58,61.535,177.2425,178.25,135.5675
"200",2017-07-20,61.1975,52.485,101.97,150.9425,73.54,91.53,50.2525,128.2125,149.365,80.52,41.3225,103.1425,242.71,109.7525,55.985,68.68,11.3525,154.9425,77.81,248.8025,64.1525,43.87,105.7975,58.03,52.225,118.4275,159.5775,89.6325,89.065,80.805,128.765,47.0175,13.6875,61.3775,178.175,179.495,136.565
"201",2017-07-21,61.14,52.01,104.365,149.895,74.375,91.74,50.7475,128.59,149.4975,79.42,41.3075,103.72,235.7875,109.695,56.3125,69.3475,11.3925,155.9175,77.555,250.1575,64.125,44.03,105.495,58.4175,52.16,118.2,159.6325,88.6,89.015,80.655,130.5575,46.705,13.8125,60.7975,177.9925,179.795,136.6175
"202",2017-07-24,61.4275,51.585,104.15,151.2525,74.2825,92.4425,50.765,128.0925,149.42,78.8975,41.3725,103.695,238.2525,110.1575,56.2275,69.5225,11.375,156.24,77.61,251.9925,64.35,43.9525,105.8175,58.6875,52.2525,118.59,160.08,87.6,89.4425,80.26,131.295,46.76,14.1425,61.1675,178.805,180.3425,136.9075
"203",2017-07-25,61.0375,51.1375,104.5775,152.545,73.485,93.94,50.8575,128.5475,149.0175,79.215,41.76,103.405,241.925,111.4425,55.8375,69.02,11.2925,156.7375,78.1125,254.515,65.14,43.5525,106.495,59.2325,52.7925,119.05,160.1575,87.4875,90.2525,79.935,130.5475,46.385,14.1475,61.6575,181.235,181.47,139.085
"204",2017-07-26,60.125,50.7025,106.2725,153.45,72.4,94.1525,50.555,129.215,149.1625,80.49,41.87,104.655,240.665,113.2725,56.0425,69.06,11.17,155.775,77.665,255.2625,65.2475,43.6825,105.68,58.885,47.7125,118.16,158.6625,86.2875,89.7825,78.85,130.11,47.0125,14.985,61.65,181.54,176.49,143.26
"205",2017-07-27,59.8925,49.8575,109.0425,151.4,72.0475,92.95,50.175,128.745,147.68,80.155,41.645,110.6575,241.0975,112.765,56.175,70.05,11.13,154.4775,77.1175,254.7,65.3625,43.775,104.9375,57.9225,46.02,116.9225,158.495,87.0225,89.4875,79.7675,136.9075,46.3825,14.4625,61.53,181.35,173.29,143.7775
"206",2017-07-28,59.9575,49.7275,110.1375,149.7025,70.975,93.38,49.87,128.055,146.06,79.085,41.7175,116.3225,240.415,111.1775,56.2075,70.4725,11.035,154.6075,78.54,253.5025,65.275,44.98,105.1575,58.87,46.5275,116.435,168.83,86.84,90.0975,81.235,136.26,45.515,13.8925,61.695,178.66,173.3225,143.2775
"251",2017-07-31,NA,50.64,NA,149.2725,NA,NA,NA,NA,146.205,79.335,NA,119.1375,NA,111.135,NA,NA,NA,NA,NA,NA,NA,NA,NA,NA,46.91,NA,170.1075,NA,NA,NA,137.355,44.8075,13.8475,NA,NA,175.015,NA
"207",2017-08-01,60.0175,51.1275,112.7425,149.445,70.275,93.48,49.0975,129.45,147.2525,79.075,43.0675,117.82,241.05,111.585,56.39,70.6025,11.1225,154.8525,80.385,252.5525,65.5575,45.55,105.925,59.1075,47.4275,116.6175,168.965,85.8725,91.1,81.665,137.9125,44.325,13.685,61.6325,186.24,174.4275,145.5975
"208",2017-08-02,60.0125,50.605,114.125,158.0825,70.4075,91.185,49.105,129.1725,146.7025,79.08,42.8225,115.365,240.16,109.7175,56.5275,70.6,11.07,154.98,80.8925,251.09,65.5575,45.4175,103.9275,59,47.3625,118.49,168.925,85.495,93.5375,80.8175,137.415,43.5075,13.5575,62.865,182.9175,173.9575,145.895
"209",2017-08-03,60.2325,50.6675,112.6625,156.2125,70.7425,82.915,49.16,129.3775,147.23,78.3325,42.665,112.5775,240.135,107.4825,56.7375,70.94,11.14,159.11,81.0775,248.41,66.135,45.5025,103.6975,58.845,47.8125,119.2575,169.19,85.215,93.73,80.75,137.22,42.7075,13.315,64.375,180.2075,173.9175,145.68
"210",2017-08-04,60.35,50.695,111.0725,156.3875,70.97,81.0225,49.2375,130.1175,147.9625,77.9475,42.5475,112.2275,240.1625,108.335,57.1025,70.8075,11.07,158.5675,81.13,245.87,65.5675,45.605,104.65,58.9,48.0475,119.3275,169.9375,85.45,94.1925,80.99,136.3675,42.7925,13.175,64.4975,180.695,173.96,148
"211",2017-08-07,60.48,50.7475,109.93,157.865,71.0075,80.4125,49.26,129.81,148.155,78.9825,42.5775,112.18,239.1325,109.4725,57.8025,71.075,11.1325,156.9725,81.175,242.0175,64.83,45.585,104.2525,58.925,47.6175,121.795,171.95,86.16,94.285,81.55,137.2625,43.4275,13.4,64.3375,180.68,174.09,147.695
"212",2017-08-08,60.4675,50.3375,109.5,159.695,71.43,80.9275,49.0425,129.32,147.7925,78.98,42.3575,110.335,236.9375,109,58.215,71.025,11.265,156.6575,81.2325,241.67,64.745,45.79,104.5375,58.81,47.255,116.8475,174.425,85.735,94.09,81.71,136.89,44.0475,13.305,63.9775,181.345,173.8825,148.12
"213",2017-08-09,59.84,49.5725,109.2775,160.175,71.63,79.5525,48.7075,129.3325,147.5075,78.1425,42.3625,109.1675,233.4525,107.41,58.28,71.26,11.3175,155.875,81.3525,239.275,64.025,46.1375,104.655,58.845,47.295,113.69,174.605,84.4825,94.3675,80.97,136.3975,43.57,12.755,63.5675,180.2375,173.37,147.525
"214",2017-08-10,58.91,48.7775,107.16,157.4625,71.2575,79.115,48.425,128.8575,146.1525,77.225,42.2625,108.86,225.57,105.9625,58.2725,71.045,11.3275,153.81,81.1075,234.805,63.375,45.8775,103.7625,58.665,46.7175,111.5525,173.055,83.7875,94.3,79.6125,134.235,42.73,12.4625,63.02,177.3475,170.61,145.405
"215",2017-08-11,59.105,48.2675,106.535,157.18,70.7025,79.4725,48.4025,128.425,145.75,77.375,41.49,108.87,222.06,106.905,58.1675,70.9025,11.195,152.4775,80.83,232.7725,62.8775,45.605,102.745,58.595,46.3875,109.56,172.99,84.085,94.1,79.1525,132.695,42.5575,12.135,62.655,175.7975,169.66,143.9775
"216",2017-08-14,59.7525,48.835,108.335,159.5325,71.01,80.145,48.9425,129.2675,148.5075,79.3225,41.73,109.465,223.6275,109.0275,58.2525,70.8125,11.095,154.45,81.1425,233.6525,63.0725,45.98,103.7125,58.845,46.79,110.6225,174.2775,85.02,94.5975,79.605,133.87,43.8275,12.69,63.1125,178.16,171,145.4125
"217",2017-08-15,59.5175,48.6575,88.57,161.15,70.71,80.1125,48.9725,129.3325,149.745,79.885,41.825,110.7025,224.6525,109.26,58.53,71.135,11.05,156.2425,81.44,232.06,63.1575,45.9075,104.0125,58.885,46.595,111.33,176.4025,84.24,94.5225,79.1725,134.58,43.9675,12.98,63.21,178.825,170.5875,145.655
"218",2017-08-16,61.8675,48.5125,89.3675,161.3875,70.44,80.1075,49.4175,129.895,151.0625,80.19,42.225,111.3375,228.1725,110.285,58.95,71.74,11.15,156.2675,81.1925,229.45,63.0675,45.6675,103.115,59.03,46.3275,112.63,178.48,83.7425,94.6475,79.2125,136.3425,44.2975,12.8775,63.2625,179.4725,171.1075,144.63
"219",2017-08-17,61.4275,47.105,92.3175,159.2325,70.24,80.16,49.58,128.765,149.95,78.7,41.9125,107.735,225.8325,109.1275,59.05,72.0075,11.0925,155.9725,80.3475,226.4675,62.2075,45.45,101.49,58.415,45.89,112.9975,173.5725,81.9125,93.8475,79.1825,135.665,43.7125,12.4425,62.965,175.2125,169.325,140.88
"220",2017-08-18,61.0025,45.8975,93.3075,157.895,69.8475,79.16,48.9225,127.6825,147.88,77.61,41.4625,104.25,222.1525,108.4275,59.0825,72.1075,11.0475,154.4275,79.805,224.2775,61.4475,45.1825,100.08,57.8325,45.465,112.3775,169.505,79.1675,92.98,78.42,133.8975,44.495,12.4025,62.795,172.8175,167.4025,138.73
"221",2017-08-21,61.4475,45.735,94.6475,156.9275,70.3375,78.24,48.805,127.8075,148.5525,77.6125,41.4775,103.7725,221.23,109.1975,59.2475,72.4525,11.1625,154.735,79.625,223.625,61.215,45.295,99.3325,58.005,45.06,112.9875,167.8275,78.375,92.73,77.855,133.95,43.675,12.1875,62.62,172.19,167.8175,137.9825
"222",2017-08-22,62.425,45.6275,95.7125,159.0075,71.325,78.755,49.3475,128.8325,151.28,78.67,41.68,104.2625,222.6875,110.8325,59.565,72.685,11.285,155.71,80.02,223.6225,61.255,45.3975,99.6175,58.3825,45.445,114.9175,170.04,77.6675,93.4075,77.84,136.0125,44.0525,12.2,62.73,174.1475,169.675,138.535
"223",2017-08-23,62.8625,44.475,94.4725,159.6,71.495,78.52,49.5825,128.615,151.5525,78.7475,41.705,103.405,220.955,110.7375,60.0375,73.055,11.335,156.395,79.9,222.99,60.84,45.64,99.8475,58.3675,45.5125,115.6175,172.4525,75.9825,93.3925,77.385,136.7075,44.0625,12.2425,62.4625,174.425,169.34,138.21
"224",2017-08-24,62.7625,43.4675,93.7225,159.7475,71.885,78.3725,49.5725,128.6525,150.7575,79.2225,41.4425,104.19,222.665,110.37,60.2275,73.355,11.3775,156.505,80.33,223.67,60.5325,45.925,99.09,58.25,45.3775,115.37,174.655,74.2925,92.43,77.1875,136.8275,43.895,12.5725,62.6375,174.3875,169.6225,138.9125
"225",2017-08-25,62.9425,44.195,95.0325,159.835,72.4225,78.3525,49.5225,129.4175,151.84,79.2975,41.5975,104.8375,222.82,115.81,60.4225,73.615,11.435,156.4725,80.795,222.9325,60.5325,45.8525,98.275,58.4825,45.2275,114.95,173.9275,74.8375,91.8925,77.61,137.7325,43.5425,12.44,62.6775,175.35,170.3825,138.885
"226",2017-08-28,63.2775,45.0825,95.215,160.885,73.03,78.4025,49.9175,129.4675,151.8375,79.39,41.805,104.8525,223.33,112.9225,60.52,73.8875,11.32,156.435,80.8575,222.95,60.575,45.5525,96.7875,58.3975,45.09,115.455,174.2675,74.97,90.4525,78.0225,138.9975,43.5175,12.3675,62.4675,174.7325,171.385,138.295
"227",2017-08-29,63.295,44.58,94.3575,161.5325,73.3375,78.41,49.9575,129.1,151.365,79.15,41.7525,104.5525,222.5875,110.5175,60.5625,74.0525,11.195,155.99,80.9525,222.96,60.2125,45.33,94.205,57.955,45.2725,114.3825,173.475,74.075,90.44,77.8825,137.9475,43.54,12.065,62.2075,172.79,171.3975,136.6025
"228",2017-08-30,63.655,44.3775,96.2825,163.4125,73.825,78.27,50.0525,129.6225,152.9675,82.745,41.795,105.5425,223.84,112.21,60.325,73.86,11.11,156.7,81.83,223.6225,60.2025,45.1075,94.785,57.835,46.09,114.78,174.06,74.06,90.51,77.9575,138.58,44.7375,12.425,62.6125,174.02,173.115,137.4325
"229",2017-08-31,64.3625,44.6625,97.66,163.91,74.6825,79.465,50.6,130.3775,154.8075,84.1025,41.4625,106.4325,225.53,113.9025,60.1775,73.7675,11.07,157.4825,82.3825,227.77,60.3725,45.395,94.92,57.965,46.915,116.3975,175.7,74.6975,90.36,78.7175,140.3825,45.215,12.9425,62.9775,175.745,175.9725,138.1625
"230",2017-09-01,64.6675,45.07,98.3625,164.355,75.5675,80.1325,51.1075,130.4675,155.315,84.2825,41.795,106.955,225.2575,114.4025,59.975,73.65,11.1125,157.9425,82.825,229.0425,60.6875,45.3575,95.03,58.055,47.265,117.795,176.1175,75.1225,90.28,79.105,142.9475,45.0875,13.2075,63.2425,177.37,178.47,139.3725
"231",2017-09-05,64.15,44.4575,97.41,162.66,75.2375,79.8325,50.9225,129.84,154.4575,83.2125,42.0575,106.6425,221.4475,113.64,59.8325,73.7975,11.125,157.5575,82.1725,225.5325,60.055,45.22,92.1375,57.6475,46.46,117.965,178.0325,73.76,87.715,79.43,145.575,44.485,12.9075,63.1275,175.4425,177.15,137.2775
"232",2017-09-06,64.5325,43.6725,96.3125,162.0325,76.3675,80.375,51.2175,130.69,154.51,82.875,42.16,107.71,220.6,113.905,59.71,73.755,11.1125,158.485,81.79,224.085,59.6425,45.4,90.8025,57.955,46.5475,117.87,178.09,72.9275,87.295,80.0575,145.0575,44.65,12.9275,63.3475,174.39,177.8525,135.59
"233",2017-09-07,64.93,44.045,94.6575,161.4875,79.63,81.765,51.41,132.9825,154.87,81.8075,42.45,108.735,218.565,113.96,59.655,73.66,11.1275,159.46,81.125,225.8525,58.7975,45.6325,89.2125,57.925,46.8475,118.615,177.885,73.805,86.5875,80.2325,144.0125,45.0375,12.7525,63.39,172.36,179.815,133.4625
"234",2017-09-08,65.17,43.7525,93.7825,159.7925,83.4575,82.8275,51.6875,134.185,155.1875,80.835,42.47,108.5425,214.7175,114.675,59.9625,73.97,11.1825,161.435,80.5575,230.49,58.985,46.1975,88.64,58.6825,46.2225,118.2875,180.5775,73.73,88.08,80.58,141.7325,44.73,12.3675,63.7825,172.805,180.9375,132.5125
"235",2017-09-11,65.815,44.99,94.1975,160.985,85.735,83.7925,52.3525,135.18,156.9325,81.6325,42.7225,108.045,218.0725,114.7,60.4875,74.3475,11.3175,163.23,82.2375,234.41,60.5425,46.3825,92.97,59.7625,46.4,121.9525,184.2075,75.29,91.7325,81.105,142.435,45.2775,12.5375,64.2775,176.405,184.57,135.6075
"236",2017-09-12,66.18,46.075,94.745,161.55,87.2975,84,52.29,136.435,156.3025,82.2675,43.035,107.505,220.0275,116.12,59.815,73.685,11.3175,163.3525,82.4075,231.7725,60.9925,45.7825,93.775,60.325,46.6225,124.9325,184.7775,75.9125,91.4125,81.225,143.7425,45.72,12.4625,64.76,178.6025,188.955,137.3875
"237",2017-09-13,65.745,46.7575,98.64,159.3475,88.0775,83.87,52.115,135.2675,156.0525,81.995,43.255,107.5525,221.7125,115.9925,59.0325,72.86,11.2275,162.9125,82.05,228.66,60.78,45.4625,93.7825,59.93,46.715,125.2125,184.47,76.14,91.0375,81.3,144.8075,46.0425,12.23,64.875,177.6975,189.5625,137.3875
"238",2017-09-14,65.505,46.51,99.8,158.69,88.73,81.4425,51.8225,134.65,155.3,82.235,43.39,106.7475,220.2375,115.4325,59.13,72.6525,11.225,162.5375,81.91,225.08,60.1175,45.5075,93.43,59.9625,46.49,125.5575,183.965,77.365,90.5775,82.0875,145.195,46.5425,12.245,65.065,177.5475,189.18,138.3725
"239",2017-09-15,65.8475,45.6325,99.3275,159.33,88.2425,80.955,51.72,135.01,154.535,83.115,43.55,106.9275,216.77,114.8125,59.7775,72.935,11.27,162.545,82.3525,222.2575,59.6825,45.6025,93.3925,60.1575,46.9375,126.68,184.44,76.035,90.8,82.6225,146.51,47.1675,12.455,65.3625,179.2975,188.275,139.5225
"240",2017-09-18,66.0425,45.725,99.255,159.32,86.42,81.26,51.915,136.3175,155.3625,84.945,43.9625,106.6475,217.35,113.7775,59.4375,72.4975,11.31,161.92,83.0025,222.86,59.52,45.595,93.9925,60.3725,47.5575,129.835,187.08,74.045,90.78,82.735,145.2675,48.03,12.9725,65.88,181.3525,187.235,140.315
"241",2017-09-19,66.2175,44.8375,97.2,159.1125,85.9875,79.995,51.7925,137.0525,156.44,85.1225,43.8875,107.21,216.4175,113.47,59.24,72.1225,11.315,158.43,83.41,218.3775,59.4525,45.495,93.475,60.4575,47.6425,133.1575,188.0825,72.725,91.0125,82.7025,143.2525,48.0925,13.135,66.275,182.3025,186.595,141.15
"242",2017-09-20,66.1325,45.09,94.755,156.515,86.885,79.35,51.6475,137.045,150.8375,84.275,43.5775,107.18,212.3925,112.6225,59.02,71.8325,11.345,155.2775,83.8925,211.19,59.8325,45.35,93.1025,60.585,47.65,135.6,188.04,72.7575,91.0225,83.2975,142.7525,47.7,13.3525,66.4125,182.7875,187.055,141.26
"243",2017-09-21,65.8925,45.83,94.1475,154.435,87.285,80.0025,51.6675,137.325,149.8075,83.8075,43.37,106.9875,213.47,112.37,58.86,71.605,11.22,154.0875,83.705,205.5175,60.3925,45.105,93.4725,60.67,47.625,135.4925,187.305,72.645,91.2325,83.4475,142.9975,47.1875,13.7425,66.3,183.94,187.605,141.835
"244",2017-09-22,65.9025,46.86,94.77,151.565,87.305,80.7775,52.025,137.27,148.635,84.43,43.43,107.3575,216.2075,111.98,58.7325,70.835,11.145,153.19,83.73,204.455,60.5725,44.915,93.805,60.795,47.745,134.2075,187.1225,73.7675,90.4875,84.0375,142.48,47.355,13.255,65.8175,184.1375,185.515,142.4225
"245",2017-09-25,65.2175,47.3825,96.9275,150.3825,86.9175,80.6775,52.54,137.9075,146.405,84.2425,43.505,108.2625,217.0725,110.4925,59.0725,70.8425,11.165,153.1475,84.0175,210.765,60.705,44.6,94.6625,60.8325,48.04,130.2825,185.82,74.7725,90.645,84.4975,143.52,46.865,12.9075,65.2875,185.7825,186.335,142.75
"246",2017-09-26,64.3925,47.7275,97.7275,152.6325,85.9425,81.8475,52.84,137.6975,145.3025,84.1875,43.545,108.7925,219.03,110.3525,59.1675,71.03,11.18,153.2025,83.4,211.7525,60.5325,44.4525,93.8875,61.175,48.035,128.685,184.7375,75.385,90.9125,85.055,141.7275,46.23,12.665,65.33,186.4925,186.265,143.9525
"247",2017-09-27,64.3425,47.17,98.5975,154.0725,84.67,82.105,52.4075,136.905,146.395,84.6325,43.2375,109.06,219.8075,111.4625,58.325,70.4425,11.1125,153.5875,83.65,209.16,61.045,43.805,95.7925,61.64,47.86,129.795,184.82,75.07,91.25,85.67,139.625,47.99,12.69,65.995,188.0025,185.1775,147.165
"248",2017-09-28,64.205,47.4125,99.3975,153.5375,88.24,81.2475,54.2,134.765,146.42,85.115,42.635,108.9275,219.6125,111.3325,58.09,70.3625,11.0725,155.66,82.825,206.1625,61.0575,43.7,95.625,61.5675,47.495,131.41,183.155,75.4025,91.015,85.4225,138.425,49.7675,12.7225,65.8275,188.7525,185.425,147.675
"249",2017-09-29,64.05,47.515,99.2825,153.365,88.6425,82.43,53.52,136.0975,147.9375,85.96,42.53,109.2925,222.3875,111.8175,58.06,70.26,11.0575,158.125,81.7625,204.345,61.4075,43.7425,95.735,61.3775,48.1775,134.7725,184.6375,76.2,91.5225,86.18,139.0475,51.38,12.7325,65.785,189.695,185.465,148.3
"250",2017-10-02,64.61,47.6,99.2675,153.81,89.8625,83.07,53.555,135.2825,148.9325,86.215,42.57,109.1425,222.43,111.9,58.27,70.4325,11.1,159.8275,81.7575,208.2075,61.725,43.9,95.545,61.52,49.5375,135.8975,186.8525,76.6975,92.0175,86.58,140.8575,52.135,12.745,66.33,191.16,186.87,148.5375
